date,price
2000-01-03,90.9070053100586
2000-01-04,87.35199737548828
2000-01-05,87.50825500488281
2000-01-06,86.10186004638672
2000-01-07,91.10232543945312
2000-01-10,91.41483306884766
2000-01-11,90.32101440429688
2000-01-12,89.4225082397461
2000-01-13,90.63356018066406
2000-01-14,91.86414337158203
2000-01-18,91.14141082763672
2000-01-19,91.88365173339844
2000-01-20,90.47730255126953
2000-01-21,90.2819595336914
2000-01-24,87.72311401367188
2000-01-25,88.71929931640625
2000-01-26,88.01611328125
2000-01-27,87.66453552246094
2000-01-28,84.92985534667969
2000-01-31,87.23477935791016
2000-02-01,88.09423065185547
2000-02-02,88.17234802246094
2000-02-03,89.50060272216797
2000-02-04,89.1295166015625
2000-02-07,88.99275207519531
2000-02-08,90.20378875732422
2000-02-09,88.30911254882812
2000-02-10,88.4849624633789
2000-02-11,86.6878662109375
2000-02-14,87.1957015991211
2000-02-15,88.18214416503906
2000-02-16,86.88321685791016
2000-02-17,86.43389892578125
2000-02-18,84.57829284667969
2000-02-22,84.36346435546875
2000-02-23,85.35960388183594
2000-02-24,83.6407241821289
2000-02-25,83.33794403076172
2000-02-28,85.0861587524414
2000-02-29,85.90653228759766
2000-03-01,86.53160095214844
2000-03-02,86.59019470214844
2000-03-03,88.21143341064453
2000-03-06,87.35199737548828
2000-03-07,85.662353515625
2000-03-08,85.55496215820312
2000-03-09,88.05519104003906
2000-03-10,87.58641052246094
2000-03-13,86.62924194335938
2000-03-14,85.39868927001953
2000-03-15,87.39102172851562
2000-03-16,91.47344970703125
2000-03-17,92.07803344726562
2000-03-20,91.60799407958984
2000-03-21,93.48795318603516
2000-03-22,94.05590057373047
2000-03-23,95.66163635253906
2000-03-24,96.22956085205078
2000-03-27,95.21125793457031
2000-03-28,94.66293334960938
2000-03-29,94.76084899902344
2000-03-30,93.17465209960938
2000-03-31,94.23214721679688
2000-04-03,94.78045654296875
2000-04-04,94.07547760009766
2000-04-05,93.48795318603516
2000-04-06,94.30062103271484
2000-04-07,94.89794158935547
2000-04-10,94.52587127685547
2000-04-11,94.25172424316406
2000-04-12,91.66678619384766
2000-04-13,90.39392852783203
2000-04-14,85.22404479980469
2000-04-17,88.20061492919922
2000-04-18,90.53099060058594
2000-04-19,89.6889419555664
2000-04-20,90.1197738647461
2000-04-24,89.14067840576172
2000-04-25,92.84175109863281
2000-04-26,91.79408264160156
2000-04-27,91.49053192138672
2000-04-28,90.9226303100586
2000-05-01,92.15635681152344
2000-05-02,90.31556701660156
2000-05-03,88.20061492919922
2000-05-04,88.86643981933594
2000-05-05,89.9435043334961
2000-05-08,89.26789093017578
2000-05-09,88.55314636230469
2000-05-10,86.5556869506836
2000-05-11,88.5335693359375
2000-05-12,89.49314880371094
2000-05-15,91.0401382446289
2000-05-16,91.92135620117188
2000-05-17,90.96182250976562
2000-05-18,89.8456039428711
2000-05-19,88.43563842773438
2000-05-22,87.76982116699219
2000-05-23,86.47734832763672
2000-05-24,87.88731384277344
2000-05-25,86.37944030761719
2000-05-26,86.47734832763672
2000-05-30,89.29724884033203
2000-05-31,89.49314880371094
2000-06-01,91.05974578857422
2000-06-02,92.64591217041016
2000-06-05,92.19557189941406
2000-06-06,91.78431701660156
2000-06-07,92.42074584960938
2000-06-08,92.05846405029297
2000-06-09,91.86262512207031
2000-06-12,90.7855453491211
2000-06-13,92.48922729492188
2000-06-14,92.64591217041016
2000-06-15,92.84175109863281
2000-06-16,92.07886505126953
2000-06-19,93.25660705566406
2000-06-20,92.92293548583984
2000-06-21,92.88370513916016
2000-06-22,91.47040557861328
2000-06-23,90.68525695800781
2000-06-26,91.85318756103516
2000-06-27,91.17601013183594
2000-06-28,91.43115234375
2000-06-29,90.5674819946289
2000-06-30,91.2544937133789
2000-07-03,92.5107192993164
2000-07-05,90.84223937988281
2000-07-06,91.54890441894531
2000-07-07,93.02110290527344
2000-07-10,92.8640365600586
2000-07-11,93.0603256225586
2000-07-12,93.66883087158203
2000-07-13,94.08100891113281
2000-07-14,95.00358581542969
2000-07-17,94.84657287597656
2000-07-18,94.07123565673828
2000-07-19,93.31550598144531
2000-07-20,94.61100006103516
2000-07-21,92.76592254638672
2000-07-24,92.23590850830078
2000-07-25,92.5303726196289
2000-07-26,91.62743377685547
2000-07-27,91.31336975097656
2000-07-28,89.25232696533203
2000-07-31,89.82160186767578
2000-08-01,90.3712158203125
2000-08-02,90.8226318359375
2000-08-03,91.45077514648438
2000-08-04,91.94151306152344
2000-08-07,93.04072570800781
2000-08-08,93.39403533935547
2000-08-09,92.60888671875
2000-08-10,92.1574478149414
2000-08-11,92.58924102783203
2000-08-14,93.76696014404297
2000-08-15,93.68848419189453
2000-08-16,93.35477447509766
2000-08-17,94.33618927001953
2000-08-18,94.02214050292969
2000-08-21,94.53250122070312
2000-08-22,94.37548828125
2000-08-23,94.7484359741211
2000-08-24,95.0428695678711
2000-08-25,95.00358581542969
2000-08-28,95.32747650146484
2000-08-29,95.3471450805664
2000-08-30,94.43437957763672
2000-08-31,95.69059753417969
2000-09-01,95.78872680664062
2000-09-05,95.02322387695312
2000-09-06,93.94365692138672
2000-09-07,94.7484359741211
2000-09-08,94.1006851196289
2000-09-11,93.96327209472656
2000-09-12,93.2762451171875
2000-09-13,93.52162170410156
2000-09-14,93.99268341064453
2000-09-15,91.93630981445312
2000-09-18,91.0901870727539
2000-09-19,91.91667938232422
2000-09-20,91.23780059814453
2000-09-21,89.8504638671875
2000-09-22,91.48377990722656
2000-09-25,90.83438110351562
2000-09-26,89.67330169677734
2000-09-27,90.14563751220703
2000-09-28,91.30662536621094
2000-09-29,90.44081115722656
2000-10-02,90.57852935791016
2000-10-03,89.73240661621094
2000-10-04,90.48011779785156
2000-10-05,90.7950210571289
2000-10-06,88.82719421386719
2000-10-09,88.15814971923828
2000-10-10,86.70196533203125
2000-10-11,85.97384643554688
2000-10-12,83.82894897460938
2000-10-13,86.62324523925781
2000-10-16,87.01676177978516
2000-10-17,84.85221862792969
2000-10-18,84.537353515625
2000-10-19,87.72521209716797
2000-10-20,88.0990982055664
2000-10-23,88.4926528930664
2000-10-24,87.90233612060547
2000-10-25,85.83611297607422
2000-10-26,86.07225036621094
2000-10-27,87.70556640625
2000-10-30,88.4926528930664
2000-10-31,90.01770782470703
2000-11-01,89.71272277832031
2000-11-02,89.86029052734375
2000-11-03,89.90950775146484
2000-11-06,90.53924560546875
2000-11-07,90.51953887939453
2000-11-08,88.5123291015625
2000-11-09,88.17779541015625
2000-11-10,86.03290557861328
2000-11-13,85.36387634277344
2000-11-14,87.60712432861328
2000-11-15,87.88268280029297
2000-11-16,86.50517272949219
2000-11-17,86.0427474975586
2000-11-20,84.81288146972656
2000-11-21,85.2457504272461
2000-11-22,83.20905303955078
2000-11-24,84.91126251220703
2000-11-27,85.65901184082031
2000-11-28,84.18314361572266
2000-11-29,84.02577209472656
2000-11-30,83.29766082763672
2000-12-01,83.25827026367188
2000-12-04,83.96665954589844
2000-12-05,86.72161102294922
2000-12-06,85.33434295654297
2000-12-07,84.16345977783203
2000-12-08,84.36026000976562
2000-12-11,87.29232025146484
2000-12-12,86.91842651367188
2000-12-13,85.72789764404297
2000-12-14,84.6357650756836
2000-12-15,82.72413635253906
2000-12-18,83.82945251464844
2000-12-19,82.12210845947266
2000-12-20,79.74361419677734
2000-12-21,80.29629516601562
2000-12-22,82.70438385009766
2000-12-26,83.59264373779297
2000-12-27,84.20455169677734
2000-12-28,84.46111297607422
2000-12-29,82.86229705810547
2001-01-02,81.36212921142578
2001-01-03,85.27035522460938
2001-01-04,84.35253143310547
2001-01-05,81.59902954101562
2001-01-08,82.23062896728516
2001-01-09,82.0135498046875
2001-01-10,83.45443725585938
2001-01-11,83.53337097167969
2001-01-12,83.37551879882812
2001-01-16,83.90840148925781
2001-01-17,84.29330444335938
2001-01-18,85.13224029541016
2001-01-19,84.64862823486328
2001-01-22,85.21118927001953
2001-01-23,85.88227081298828
2001-01-24,86.13887023925781
2001-01-25,85.9217529296875
2001-01-26,85.82306671142578
2001-01-29,86.28099060058594
2001-01-30,87.03898620605469
2001-01-31,86.54627227783203
2001-02-01,87.12104034423828
2001-02-02,85.14408111572266
2001-02-05,85.76934051513672
2001-02-06,85.51673126220703
2001-02-07,85.07457733154297
2001-02-08,84.0829086303711
2001-02-09,83.27444458007812
2001-02-12,84.22819519042969
2001-02-13,83.53971862792969
2001-02-14,83.41337585449219
2001-02-15,84.22186279296875
2001-02-16,82.36485290527344
2001-02-20,81.09529113769531
2001-02-21,79.3456802368164
2001-02-22,79.46564483642578
2001-02-23,78.92880249023438
2001-02-26,80.60889434814453
2001-02-27,79.86358642578125
2001-02-28,78.29080200195312
2001-03-01,78.70140075683594
2001-03-02,78.07608795166016
2001-03-05,78.78982543945312
2001-03-06,79.63623046875
2001-03-07,80.20469665527344
2001-03-08,80.2931137084961
2001-03-09,77.91817474365234
2001-03-12,74.58313751220703
2001-03-13,75.80854034423828
2001-03-14,74.31158447265625
2001-03-15,74.33050537109375
2001-03-16,72.83966064453125
2001-03-19,74.32166290283203
2001-03-20,72.32666778564453
2001-03-21,71.09797668457031
2001-03-22,70.37594604492188
2001-03-23,72.50394439697266
2001-03-26,73.42863464355469
2001-03-27,74.9296646118164
2001-03-28,72.858642578125
2001-03-29,73.13728332519531
2001-03-30,73.90362548828125
2001-04-02,72.32666778564453
2001-04-03,69.91363525390625
2001-04-04,70.20497131347656
2001-04-05,72.8650131225586
2001-04-06,71.75666046142578
2001-04-09,72.55463409423828
2001-04-10,73.8783187866211
2001-04-11,73.92896270751953
2001-04-12,75.27164459228516
2001-04-16,74.47994232177734
2001-04-17,75.53130340576172
2001-04-18,78.5333480834961
2001-04-19,79.57833099365234
2001-04-20,78.84998321533203
2001-04-23,77.41862487792969
2001-04-24,77.00064086914062
2001-04-25,78.00765991210938
2001-04-26,78.35595703125
2001-04-27,79.66060638427734
2001-04-30,80.21797943115234
2001-05-01,80.46497344970703
2001-05-02,80.31930541992188
2001-05-03,79.29964447021484
2001-05-04,80.6486587524414
2001-05-07,79.95198822021484
2001-05-08,79.91394805908203
2001-05-09,79.57833099365234
2001-05-10,79.81262969970703
2001-05-11,79.26165771484375
2001-05-14,79.41999816894531
2001-05-15,79.78728485107422
2001-05-16,81.66828918457031
2001-05-17,81.79496765136719
2001-05-18,82.16860961914062
2001-05-21,83.37832641601562
2001-05-22,83.27062225341797
2001-05-23,81.85829162597656
2001-05-24,82.09896850585938
2001-05-25,81.12996673583984
2001-05-29,80.48399353027344
2001-05-30,79.35665130615234
2001-05-31,79.76826477050781
2001-06-01,80.26234436035156
2001-06-04,80.6486587524414
2001-06-05,81.57329559326172
2001-06-06,80.89564514160156
2001-06-07,81.18697357177734
2001-06-08,80.43331909179688
2001-06-11,79.86329650878906
2001-06-12,79.72396850585938
2001-06-13,79.03997802734375
2001-06-14,77.26663208007812
2001-06-15,77.39117431640625
2001-06-18,77.01641082763672
2001-06-19,77.35301971435547
2001-06-20,77.75948333740234
2001-06-21,78.6423568725586
2001-06-22,78.0262680053711
2001-06-25,77.30855560302734
2001-06-26,77.20061492919922
2001-06-27,77.15611267089844
2001-06-28,77.58167266845703
2001-06-29,77.86748504638672
2001-07-02,78.83924102783203
2001-07-03,78.82018280029297
2001-07-05,77.28312683105469
2001-07-06,75.61276245117188
2001-07-09,76.02558135986328
2001-07-10,75.11100006103516
2001-07-11,75.18720245361328
2001-07-12,76.97193145751953
2001-07-13,77.6388168334961
2001-07-16,76.66705322265625
2001-07-17,77.3847885131836
2001-07-18,76.85760498046875
2001-07-19,77.53083038330078
2001-07-20,77.06722259521484
2001-07-23,75.5491943359375
2001-07-24,74.8188247680664
2001-07-25,75.64451599121094
2001-07-26,76.43841552734375
2001-07-27,76.73059844970703
2001-07-30,76.7559814453125
2001-07-31,77.07357025146484
2001-08-01,77.55625915527344
2001-08-02,77.87380981445312
2001-08-03,77.44828796386719
2001-08-06,76.40666198730469
2001-08-07,76.7051773071289
2001-08-08,75.28250122070312
2001-08-09,75.5047607421875
2001-08-10,75.7651596069336
2001-08-13,75.78424072265625
2001-08-14,75.75248718261719
2001-08-15,75.09829711914062
2001-08-16,75.35870361328125
2001-08-17,74.1519546508789
2001-08-20,74.8378677368164
2001-08-21,73.5612564086914
2001-08-22,74.32342529296875
2001-08-23,74.05667114257812
2001-08-24,75.59370422363281
2001-08-27,75.14276885986328
2001-08-28,74.04399871826172
2001-08-29,73.38339233398438
2001-08-30,71.97345733642578
2001-08-31,72.50057983398438
2001-09-04,72.03693389892578
2001-09-05,72.21478271484375
2001-09-06,70.35382080078125
2001-09-07,69.05182647705078
2001-09-10,69.89652252197266
2001-09-17,66.2445068359375
2001-09-18,66.08570861816406
2001-09-19,64.75192260742188
2001-09-20,62.694087982177734
2001-09-21,62.01771926879883
2001-09-24,64.1980209350586
2001-09-25,64.86743927001953
2001-09-26,64.63787841796875
2001-09-27,65.19893646240234
2001-09-28,66.5823745727539
2001-10-01,66.47400665283203
2001-10-02,67.30911254882812
2001-10-03,68.4375228881836
2001-10-04,68.49494171142578
2001-10-05,68.36102294921875
2001-10-08,67.91476440429688
2001-10-09,67.55137634277344
2001-10-10,69.05593872070312
2001-10-11,70.1269302368164
2001-10-12,69.80813598632812
2001-10-15,69.6806869506836
2001-10-16,70.1205825805664
2001-10-17,68.62877655029297
2001-10-18,68.4821548461914
2001-10-19,68.4375228881836
2001-10-22,69.78907012939453
2001-10-23,69.4320297241211
2001-10-24,69.24717712402344
2001-10-25,70.49031829833984
2001-10-26,70.33092498779297
2001-10-29,68.50125885009766
2001-10-30,67.67889404296875
2001-10-31,67.44934844970703
2001-11-01,69.17704010009766
2001-11-02,69.6487808227539
2001-11-05,70.5604476928711
2001-11-06,71.65695190429688
2001-11-07,71.56136322021484
2001-11-08,71.78447723388672
2001-11-09,71.86099243164062
2001-11-12,71.42108917236328
2001-11-13,73.02764892578125
2001-11-14,73.09776306152344
2001-11-15,73.23168182373047
2001-11-16,72.90652465820312
2001-11-19,73.80541229248047
2001-11-20,73.18701171875
2001-11-21,72.70254516601562
2001-11-23,73.74805450439453
2001-11-26,73.90740966796875
2001-11-27,73.58867645263672
2001-11-28,72.25627899169922
2001-11-29,73.23168182373047
2001-11-30,72.7088851928711
2001-12-03,72.27534484863281
2001-12-04,73.49940490722656
2001-12-05,74.84455871582031
2001-12-06,74.80632781982422
2001-12-07,74.3090591430664
2001-12-10,72.9192886352539
2001-12-11,72.77262878417969
2001-12-12,72.85550689697266
2001-12-13,71.44022369384766
2001-12-14,72.12230682373047
2001-12-17,72.86827087402344
2001-12-18,73.30179595947266
2001-12-19,73.81816864013672
2001-12-20,73.09138488769531
2001-12-21,73.53469848632812
2001-12-24,73.39395904541016
2001-12-26,73.79693603515625
2001-12-27,74.24478149414062
2001-12-28,74.20643615722656
2001-12-31,73.11891174316406
2002-01-02,73.90571594238281
2002-01-03,74.74372100830078
2002-01-04,75.24273681640625
2002-01-07,74.7117919921875
2002-01-08,74.53907775878906
2002-01-09,73.93132781982422
2002-01-10,74.25757598876953
2002-01-11,73.52833557128906
2002-01-14,73.06774139404297
2002-01-15,73.66265869140625
2002-01-16,72.17212677001953
2002-01-17,72.71588134765625
2002-01-18,72.38323211669922
2002-01-22,71.88427734375
2002-01-23,72.43437957763672
2002-01-24,72.65831756591797
2002-01-25,72.63911437988281
2002-01-28,72.8374252319336
2002-01-29,70.5472640991211
2002-01-30,71.56438446044922
2002-01-31,72.40242004394531
2002-02-01,72.06338500976562
2002-02-04,70.27216339111328
2002-02-05,69.83718872070312
2002-02-06,69.53651428222656
2002-02-07,69.10150146484375
2002-02-08,70.42566680908203
2002-02-11,71.28927612304688
2002-02-12,71.0654296875
2002-02-13,71.82028198242188
2002-02-14,71.68594360351562
2002-02-15,70.93749237060547
2002-02-19,69.5749282836914
2002-02-20,70.74557495117188
2002-02-21,69.28067016601562
2002-02-22,70.13782501220703
2002-02-25,71.29570007324219
2002-02-26,71.14862823486328
2002-02-27,71.42362213134766
2002-02-28,71.10379028320312
2002-03-01,72.76065063476562
2002-03-04,74.04646301269531
2002-03-05,73.80979919433594
2002-03-06,74.68619537353516
2002-03-07,74.52626037597656
2002-03-08,74.83972930908203
2002-03-11,74.99964141845703
2002-03-12,74.95488739013672
2002-03-13,74.23197937011719
2002-03-14,74.12960815429688
2002-03-15,74.83597564697266
2002-03-18,74.84880065917969
2002-03-19,75.3492202758789
2002-03-20,73.93141174316406
2002-03-21,73.96348571777344
2002-03-22,73.80305480957031
2002-03-25,72.8856430053711
2002-03-26,73.3091049194336
2002-03-27,73.50155639648438
2002-03-28,73.46947479248047
2002-04-01,73.50155639648438
2002-04-02,73.09739685058594
2002-04-03,72.58415985107422
2002-04-04,72.28263092041016
2002-04-05,72.29548645019531
2002-04-08,72.449462890625
2002-04-09,71.94261932373047
2002-04-10,72.75736999511719
2002-04-11,70.94822692871094
2002-04-12,71.48068237304688
2002-04-15,70.9354019165039
2002-04-16,72.62265014648438
2002-04-17,72.46869659423828
2002-04-18,72.15432739257812
2002-04-19,72.41735076904297
2002-04-22,71.21125030517578
2002-04-23,70.90330505371094
2002-04-24,70.19120025634766
2002-04-25,70.22968292236328
2002-04-26,68.89527893066406
2002-04-29,68.55528259277344
2002-04-30,69.19682312011719
2002-05-01,70.04368591308594
2002-05-02,69.77421569824219
2002-05-03,69.01716613769531
2002-05-06,67.66352844238281
2002-05-07,67.42617797851562
2002-05-08,69.93460083007812
2002-05-09,69.12622833251953
2002-05-10,67.82389068603516
2002-05-13,69.20323181152344
2002-05-14,70.7108383178711
2002-05-15,70.43495178222656
2002-05-16,70.8006820678711
2002-05-17,71.14715576171875
2002-05-20,70.3772201538086
2002-05-21,69.7357177734375
2002-05-22,69.88968658447266
2002-05-23,70.63385009765625
2002-05-24,69.72930145263672
2002-05-28,69.35079193115234
2002-05-29,68.83756256103516
2002-05-30,68.64511108398438
2002-05-31,68.78622436523438
2002-06-03,66.95783233642578
2002-06-04,67.12464141845703
2002-06-05,67.75336456298828
2002-06-06,66.37401580810547
2002-06-07,66.2970199584961
2002-06-10,66.55366516113281
2002-06-11,65.41169738769531
2002-06-12,65.80946350097656
2002-06-13,65.14869689941406
2002-06-14,65.05244445800781
2002-06-17,66.79742431640625
2002-06-18,67.34276580810547
2002-06-19,65.77093505859375
2002-06-20,64.93054962158203
2002-06-21,63.915287017822266
2002-06-24,64.2500991821289
2002-06-25,62.807979583740234
2002-06-26,62.91102981567383
2002-06-27,64.01188659667969
2002-06-28,63.70930480957031
2002-07-01,62.46677017211914
2002-07-02,61.140541076660156
2002-07-03,61.48822021484375
2002-07-05,63.934600830078125
2002-07-08,63.136287689208984
2002-07-09,61.546138763427734
2002-07-10,59.30580139160156
2002-07-11,59.78862380981445
2002-07-12,59.1319694519043
2002-07-15,59.4473876953125
2002-07-16,58.30146026611328
2002-07-17,58.4173469543457
2002-07-18,56.52461624145508
2002-07-19,54.5352897644043
2002-07-22,52.919376373291016
2002-07-23,51.470890045166016
2002-07-24,54.541748046875
2002-07-25,54.07821273803711
2002-07-26,55.108253479003906
2002-07-29,57.79286575317383
2002-07-30,58.546104431152344
2002-07-31,58.687740325927734
2002-08-01,57.15553665161133
2002-08-02,55.874393463134766
2002-08-05,53.93013381958008
2002-08-06,55.74563217163086
2002-08-07,56.71775436401367
2002-08-08,58.55254364013672
2002-08-09,58.771427154541016
2002-08-12,58.34012222290039
2002-08-13,57.277828216552734
2002-08-14,59.370182037353516
2002-08-15,60.194190979003906
2002-08-16,60.01394271850586
2002-08-19,61.41739273071289
2002-08-20,60.76717758178711
2002-08-21,61.642730712890625
2002-08-22,62.24146270751953
2002-08-23,60.90237045288086
2002-08-26,61.3272705078125
2002-08-27,60.619102478027344
2002-08-28,59.29290008544922
2002-08-29,59.318641662597656
2002-08-30,59.086883544921875
2002-09-03,56.833621978759766
2002-09-04,57.644798278808594
2002-09-05,57.15553665161133
2002-09-06,57.94095993041992
2002-09-09,58.365840911865234
2002-09-10,59.03534698486328
2002-09-11,58.66843795776367
2002-09-12,57.586875915527344
2002-09-13,57.72850036621094
2002-09-16,57.87010955810547
2002-09-17,56.5439338684082
2002-09-18,55.97737503051758
2002-09-19,54.52886199951172
2002-09-20,54.54698181152344
2002-09-23,54.10076141357422
2002-09-24,53.227760314941406
2002-09-25,54.54698181152344
2002-09-26,55.43938064575195
2002-09-27,53.51230239868164
2002-09-30,52.891483306884766
2002-10-01,55.432918548583984
2002-10-02,53.770973205566406
2002-10-03,53.227760314941406
2002-10-04,52.25126266479492
2002-10-07,51.171348571777344
2002-10-08,51.973236083984375
2002-10-09,50.50524139404297
2002-10-10,52.1413459777832
2002-10-11,54.42411804199219
2002-10-14,54.72807312011719
2002-10-15,57.36000442504883
2002-10-16,55.96967697143555
2002-10-17,57.081939697265625
2002-10-18,57.32120132446289
2002-10-21,58.31062698364258
2002-10-22,57.89027786254883
2002-10-23,58.33000946044922
2002-10-24,57.14011764526367
2002-10-25,58.33000946044922
2002-10-28,57.94847869873047
2002-10-29,57.27592086791992
2002-10-30,57.83206558227539
2002-10-31,57.24360275268555
2002-11-01,58.37529373168945
2002-11-04,58.931434631347656
2002-11-05,59.397056579589844
2002-11-06,60.166568756103516
2002-11-07,58.692142486572266
2002-11-08,57.974369049072266
2002-11-11,57.07548522949219
2002-11-12,57.52813720703125
2002-11-13,57.586360931396484
2002-11-14,58.67276382446289
2002-11-15,59.10602951049805
2002-11-18,58.51108169555664
2002-11-19,58.43348693847656
2002-11-20,59.73330307006836
2002-11-21,60.84558868408203
2002-11-22,60.4123420715332
2002-11-25,60.45110321044922
2002-11-26,59.29999923706055
2002-11-27,60.96843719482422
2002-11-29,60.77446746826172
2002-12-02,60.87144088745117
2002-12-03,60.056640625
2002-12-04,59.785030364990234
2002-12-05,59.12541580200195
2002-12-06,59.51343536376953
2002-12-09,57.87733459472656
2002-12-10,58.653343200683594
2002-12-11,58.70511245727539
2002-12-12,58.6986083984375
2002-12-13,57.773887634277344
2002-12-16,59.2676887512207
2002-12-17,58.75038528442383
2002-12-18,58.07136535644531
2002-12-19,57.65751266479492
2002-12-20,58.480194091796875
2002-12-23,58.49968338012695
2002-12-24,58.06429672241211
2002-12-26,58.090293884277344
2002-12-27,56.784061431884766
2002-12-30,57.258453369140625
2002-12-31,57.33647537231445
2003-01-02,59.18205261230469
2003-01-03,59.36399841308594
2003-01-06,60.41025161743164
2003-01-07,60.26081466674805
2003-01-08,59.38996124267578
2003-01-09,60.31275939941406
2003-01-10,60.47523498535156
2003-01-13,60.45576477050781
2003-01-14,60.650726318359375
2003-01-15,60.04634475708008
2003-01-16,59.79938507080078
2003-01-17,58.91558074951172
2003-01-21,57.99931716918945
2003-01-22,57.29747772216797
2003-01-23,57.64839172363281
2003-01-24,56.134212493896484
2003-01-27,55.367393493652344
2003-01-28,55.77679443359375
2003-01-29,56.1992073059082
2003-01-30,54.867008209228516
2003-01-31,55.92627716064453
2003-02-03,56.036766052246094
2003-02-04,55.484375
2003-02-05,55.139949798583984
2003-02-06,54.8800163269043
2003-02-07,54.21065902709961
2003-02-10,54.59410095214844
2003-02-11,54.2171630859375
2003-02-12,53.35285949707031
2003-02-13,53.515342712402344
2003-02-14,54.6850700378418
2003-02-18,55.64683151245117
2003-02-19,55.35437774658203
2003-02-20,54.80202102661133
2003-02-21,55.35437774658203
2003-02-24,54.457603454589844
2003-02-25,54.89299774169922
2003-02-26,54.09368133544922
2003-02-27,54.80851745605469
2003-02-28,55.17245101928711
2003-03-03,54.64604568481445
2003-03-04,53.775264739990234
2003-03-05,54.23014450073242
2003-03-06,53.775264739990234
2003-03-07,54.14568328857422
2003-03-10,52.845951080322266
2003-03-11,52.326087951660156
2003-03-12,52.676998138427734
2003-03-13,54.49660110473633
2003-03-14,54.67206573486328
2003-03-17,56.3941650390625
2003-03-18,56.725608825683594
2003-03-19,57.161014556884766
2003-03-20,57.28446578979492
2003-03-21,58.507205963134766
2003-03-24,56.5628547668457
2003-03-25,57.10438919067383
2003-03-26,56.81731033325195
2003-03-27,56.86299133300781
2003-03-28,56.57586669921875
2003-03-31,55.29049301147461
2003-04-01,56.13871765136719
2003-04-02,57.49588394165039
2003-04-03,57.221832275390625
2003-04-04,57.561119079589844
2003-04-07,57.45018768310547
2003-04-08,57.54151153564453
2003-04-09,56.78468322753906
2003-04-10,57.09788131713867
2003-04-11,56.86299133300781
2003-04-14,58.037391662597656
2003-04-15,58.57896423339844
2003-04-16,57.5806770324707
2003-04-17,58.43543243408203
2003-04-21,58.494171142578125
2003-04-22,59.596839904785156
2003-04-23,60.1449089050293
2003-04-24,59.6098747253418
2003-04-25,58.87258529663086
2003-04-28,59.890411376953125
2003-04-29,60.09920883178711
2003-04-30,59.96873092651367
2003-05-01,59.96222686767578
2003-05-02,60.81695556640625
2003-05-05,60.699520111083984
2003-05-06,61.27369689941406
2003-05-07,60.93437957763672
2003-05-08,60.321048736572266
2003-05-09,61.1562385559082
2003-05-12,61.90656280517578
2003-05-13,61.795616149902344
2003-05-14,61.66513442993164
2003-05-15,62.05664825439453
2003-05-16,61.900054931640625
2003-05-19,60.45158386230469
2003-05-20,60.32757568359375
2003-05-21,60.45158386230469
2003-05-22,61.051841735839844
2003-05-23,61.175785064697266
2003-05-27,62.245880126953125
2003-05-28,62.42202377319336
2003-05-29,62.258888244628906
2003-05-30,63.25718307495117
2003-06-02,63.5181770324707
2003-06-03,63.7791633605957
2003-06-04,64.69912719726562
2003-06-05,65.01888275146484
2003-06-06,64.76441955566406
2003-06-09,64.10540771484375
2003-06-10,64.75787353515625
2003-06-11,65.4429931640625
2003-06-12,65.64525604248047
2003-06-13,64.96015167236328
2003-06-16,66.33035278320312
2003-06-17,66.33035278320312
2003-06-18,66.27161407470703
2003-06-19,65.26029205322266
2003-06-20,65.11624145507812
2003-06-23,64.44828796386719
2003-06-24,64.5137710571289
2003-06-25,63.86553192138672
2003-06-26,64.6971206665039
2003-06-27,63.95060348510742
2003-06-30,63.93098068237305
2003-07-01,64.52030944824219
2003-07-02,65.3322982788086
2003-07-03,64.65784454345703
2003-07-07,65.94129943847656
2003-07-08,66.23597717285156
2003-07-09,65.86274719238281
2003-07-10,65.02457427978516
2003-07-11,65.64006042480469
2003-07-14,65.96094512939453
2003-07-15,65.81690979003906
2003-07-16,65.4305648803711
2003-07-17,64.50066375732422
2003-07-18,65.16205596923828
2003-07-21,64.35661315917969
2003-07-22,64.93941497802734
2003-07-23,64.98524475097656
2003-07-24,64.49412536621094
2003-07-25,65.633544921875
2003-07-28,65.39126586914062
2003-07-29,65.09002685546875
2003-07-30,64.932861328125
2003-07-31,65.0834732055664
2003-08-01,64.50726318359375
2003-08-04,64.50726318359375
2003-08-05,63.13862991333008
2003-08-06,63.50531005859375
2003-08-07,64.17325592041016
2003-08-08,64.35661315917969
2003-08-11,64.59891510009766
2003-08-12,65.1882553100586
2003-08-13,64.85427856445312
2003-08-14,65.03108978271484
2003-08-15,65.23408508300781
2003-08-18,65.7972412109375
2003-08-19,66.04608917236328
2003-08-20,65.77760314941406
2003-08-21,65.98712158203125
2003-08-22,65.3322982788086
2003-08-25,65.43710327148438
2003-08-26,65.5549545288086
2003-08-27,65.57459259033203
2003-08-28,65.98062133789062
2003-08-29,66.42587280273438
2003-09-02,67.31643676757812
2003-09-03,67.68316650390625
2003-09-04,67.71588134765625
2003-09-05,67.33607482910156
2003-09-08,67.8927001953125
2003-09-09,67.44744110107422
2003-09-10,66.76636505126953
2003-09-11,66.96285247802734
2003-09-12,67.08728790283203
2003-09-15,66.85154724121094
2003-09-16,67.82721710205078
2003-09-17,67.69627380371094
2003-09-18,68.49513244628906
2003-09-19,68.14673614501953
2003-09-22,67.41055297851562
2003-09-23,67.66690063476562
2003-09-24,66.46395111083984
2003-09-25,65.91836547851562
2003-09-26,65.70144653320312
2003-09-29,66.34563446044922
2003-09-30,65.70144653320312
2003-10-01,67.1015625
2003-10-02,67.34481811523438
2003-10-03,67.96269989013672
2003-10-06,68.2716293334961
2003-10-07,68.5345687866211
2003-10-08,68.36367797851562
2003-10-09,68.54773712158203
2003-10-10,68.73832702636719
2003-10-13,68.95528411865234
2003-10-14,69.19850158691406
2003-10-15,69.01441955566406
2003-10-16,69.2905502319336
2003-10-17,68.5345687866211
2003-10-20,69.04730987548828
2003-10-21,68.9289779663086
2003-10-22,68.06130981445312
2003-10-23,67.93643188476562
2003-10-24,68.08759307861328
2003-10-27,68.12045288085938
2003-10-28,69.04730987548828
2003-10-29,69.1393051147461
2003-10-30,69.28395080566406
2003-10-31,69.21823120117188
2003-11-03,69.67179107666016
2003-11-04,69.52057647705078
2003-11-05,69.57321166992188
2003-11-06,69.94129943847656
2003-11-07,69.42203521728516
2003-11-10,69.1393051147461
2003-11-11,69.11962890625
2003-11-12,69.89527130126953
2003-11-13,69.91499328613281
2003-11-14,69.32337188720703
2003-11-17,68.97501373291016
2003-11-18,68.2585220336914
2003-11-19,68.83697509765625
2003-11-20,68.21906280517578
2003-11-21,68.50170135498047
2003-11-24,69.40890502929688
2003-11-25,69.67179107666016
2003-11-26,69.92160034179688
2003-11-28,69.97413635253906
2003-12-01,70.7300796508789
2003-12-02,70.5526123046875
2003-12-03,70.44087982177734
2003-12-04,70.7300796508789
2003-12-05,70.23709869384766
2003-12-08,70.71038055419922
2003-12-09,70.16476440429688
2003-12-10,70.15824127197266
2003-12-11,70.94703674316406
2003-12-12,71.0850830078125
2003-12-15,70.7300796508789
2003-12-16,71.09821319580078
2003-12-17,71.32170104980469
2003-12-18,72.12368774414062
2003-12-19,71.92288970947266
2003-12-22,72.42485046386719
2003-12-23,72.4710693359375
2003-12-24,72.39845275878906
2003-12-26,72.45124053955078
2003-12-29,73.41554260253906
2003-12-30,73.42871856689453
2003-12-31,73.4947738647461
2004-01-02,73.46175384521484
2004-01-05,74.26087951660156
2004-01-06,74.33355712890625
2004-01-07,74.58455657958984
2004-01-08,74.88172149658203
2004-01-09,74.22789001464844
2004-01-12,74.77601623535156
2004-01-13,74.34012603759766
2004-01-14,74.9609603881836
2004-01-15,75.1458969116211
2004-01-16,75.44307708740234
2004-01-20,75.42330932617188
2004-01-21,76.01766967773438
2004-01-22,75.81956481933594
2004-01-23,75.5751953125
2004-01-26,76.52626037597656
2004-01-27,75.74029541015625
2004-01-28,74.87511444091797
2004-01-29,74.94776916503906
2004-01-30,74.94776916503906
2004-02-02,75.2713851928711
2004-02-03,75.1458969116211
2004-02-04,74.53165435791016
2004-02-05,74.74960327148438
2004-02-06,75.58837890625
2004-02-09,75.60820007324219
2004-02-10,75.85256958007812
2004-02-11,76.65831756591797
2004-02-12,76.38093566894531
2004-02-13,76.0374984741211
2004-02-17,76.7243423461914
2004-02-18,76.38753509521484
2004-02-19,76.1035385131836
2004-02-20,75.87237548828125
2004-02-23,75.68083953857422
2004-02-24,75.54877471923828
2004-02-25,75.86581420898438
2004-02-26,75.91203308105469
2004-02-27,75.96484375
2004-03-01,76.71775817871094
2004-03-02,76.26866149902344
2004-03-03,76.40737915039062
2004-03-04,76.6054916381836
2004-03-05,76.86304473876953
2004-03-08,75.92520904541016
2004-03-09,75.62140655517578
2004-03-10,74.35337829589844
2004-03-11,73.38911437988281
2004-03-12,74.35337829589844
2004-03-15,73.44193267822266
2004-03-16,73.83161926269531
2004-03-17,74.65715789794922
2004-03-18,74.67697143554688
2004-03-19,73.60662841796875
2004-03-22,72.67213439941406
2004-03-23,72.54615783691406
2004-03-24,72.60582733154297
2004-03-25,73.56684112548828
2004-03-26,73.58668518066406
2004-03-29,74.62064361572266
2004-03-30,74.87248992919922
2004-03-31,74.95866394042969
2004-04-01,75.40934753417969
2004-04-02,75.97928619384766
2004-04-05,76.3968505859375
2004-04-06,76.1516342163086
2004-04-07,75.97268676757812
2004-04-08,75.80036163330078
2004-04-12,76.09859466552734
2004-04-13,75.03157806396484
2004-04-14,75.15086364746094
2004-04-15,74.8658447265625
2004-04-16,75.44246673583984
2004-04-19,75.44246673583984
2004-04-20,74.17656707763672
2004-04-21,74.6736831665039
2004-04-22,75.72081756591797
2004-04-23,75.79376220703125
2004-04-26,75.68770599365234
2004-04-27,75.75395202636719
2004-04-28,74.77307891845703
2004-04-29,74.11695098876953
2004-04-30,73.54033660888672
2004-05-03,74.32901763916016
2004-05-04,74.2693862915039
2004-05-05,74.7465591430664
2004-05-06,74.10369873046875
2004-05-07,72.87755584716797
2004-05-10,72.12865447998047
2004-05-11,72.73838806152344
2004-05-12,73.20233917236328
2004-05-13,72.89746856689453
2004-05-14,72.93060302734375
2004-05-17,72.30755615234375
2004-05-18,72.67213439941406
2004-05-19,72.42024993896484
2004-05-20,72.6522216796875
2004-05-21,72.77812194824219
2004-05-24,73.08303833007812
2004-05-25,74.13018798828125
2004-05-26,74.388671875
2004-05-27,74.80618286132812
2004-05-28,74.79956817626953
2004-06-01,74.70013427734375
2004-06-02,74.9785385131836
2004-06-03,74.28922271728516
2004-06-04,74.87911224365234
2004-06-07,76.01907348632812
2004-06-08,76.12509155273438
2004-06-09,75.41596984863281
2004-06-10,75.78711700439453
2004-06-14,75.03816986083984
2004-06-15,75.56841278076172
2004-06-16,75.55518341064453
2004-06-17,75.44246673583984
2004-06-18,75.58483123779297
2004-06-21,75.29877471923828
2004-06-22,75.67794799804688
2004-06-23,76.32982635498047
2004-06-24,76.09037780761719
2004-06-25,75.72449493408203
2004-06-28,75.465087890625
2004-06-29,75.7777328491211
2004-06-30,76.1834487915039
2004-07-01,75.1258544921875
2004-07-02,75.0859375
2004-07-06,74.42740631103516
2004-07-07,74.64691925048828
2004-07-08,74.1280517578125
2004-07-09,74.32096099853516
2004-07-12,74.35420227050781
2004-07-13,74.40743255615234
2004-07-14,74.18125915527344
2004-07-15,73.7023696899414
2004-07-16,73.64247131347656
2004-07-19,73.329833984375
2004-07-20,74.26107788085938
2004-07-21,72.89085388183594
2004-07-22,73.09038543701172
2004-07-23,72.47840881347656
2004-07-26,72.33870697021484
2004-07-27,73.0171890258789
2004-07-28,73.23673248291016
2004-07-29,73.54936218261719
2004-07-30,73.7289810180664
2004-08-02,73.88195037841797
2004-08-03,73.30989074707031
2004-08-04,73.3032455444336
2004-08-05,72.10589599609375
2004-08-06,71.0748519897461
2004-08-09,71.1746597290039
2004-08-10,72.09260559082031
2004-08-11,71.9462661743164
2004-08-12,71.16136169433594
2004-08-13,71.30101013183594
2004-08-16,72.03942108154297
2004-08-17,72.44518280029297
2004-08-18,73.19013977050781
2004-08-19,72.97730255126953
2004-08-20,73.4894790649414
2004-08-23,73.3032455444336
2004-08-24,73.40300750732422
2004-08-25,73.90191650390625
2004-08-26,73.90191650390625
2004-08-27,74.13472747802734
2004-08-30,73.52275085449219
2004-08-31,73.90855407714844
2004-09-01,74.04825592041016
2004-09-02,74.88639068603516
2004-09-03,74.58038330078125
2004-09-07,75.0726318359375
2004-09-08,74.88639068603516
2004-09-09,74.81985473632812
2004-09-10,75.2057113647461
2004-09-13,75.45179748535156
2004-09-14,75.60477447509766
2004-09-15,75.03272247314453
2004-09-16,75.25886535644531
2004-09-17,75.57881927490234
2004-09-20,75.1246109008789
2004-09-21,75.45191955566406
2004-09-22,74.5101089477539
2004-09-23,74.10932922363281
2004-09-24,74.45000457763672
2004-09-27,73.97574615478516
2004-09-28,74.32974243164062
2004-09-29,74.70380401611328
2004-09-30,74.6503677368164
2004-10-01,75.91277313232422
2004-10-04,76.03971099853516
2004-10-05,76.0798110961914
2004-10-06,76.60081481933594
2004-10-07,75.77920532226562
2004-10-08,75.15133666992188
2004-10-11,75.4585952758789
2004-10-12,75.1646957397461
2004-10-13,74.50343322753906
2004-10-14,73.90227508544922
2004-10-15,74.31641387939453
2004-10-18,74.59696960449219
2004-10-19,73.96906280517578
2004-10-20,73.82211303710938
2004-10-21,74.30303192138672
2004-10-22,73.46807098388672
2004-10-25,73.38126373291016
2004-10-26,74.50343322753906
2004-10-27,75.39850616455078
2004-10-28,75.62557220458984
2004-10-29,75.61222076416016
2004-11-01,75.81930541992188
2004-11-02,75.84602355957031
2004-11-03,76.80118560791016
2004-11-04,77.84986877441406
2004-11-05,78.33744049072266
2004-11-08,78.22391510009766
2004-11-09,78.07029724121094
2004-11-10,78.13042449951172
2004-11-11,78.72489929199219
2004-11-12,79.3460922241211
2004-11-15,79.54100036621094
2004-11-16,78.97158813476562
2004-11-17,79.44053649902344
2004-11-18,79.54774475097656
2004-11-19,78.66341400146484
2004-11-22,79.03858947753906
2004-11-23,79.15917205810547
2004-11-24,79.34677124023438
2004-11-26,79.28646087646484
2004-11-29,78.92471313476562
2004-11-30,78.97830200195312
2004-12-01,79.8759994506836
2004-12-02,79.94298553466797
2004-12-03,79.88938903808594
2004-12-06,79.86258697509766
2004-12-07,79.11898040771484
2004-12-08,79.58123016357422
2004-12-09,79.86258697509766
2004-12-10,79.94298553466797
2004-12-13,80.63970947265625
2004-12-14,80.9211196899414
2004-12-15,80.98136901855469
2004-12-16,80.93451690673828
2004-12-17,80.3946762084961
2004-12-20,80.41484069824219
2004-12-21,81.0340805053711
2004-12-22,81.22930908203125
2004-12-23,81.28987884521484
2004-12-27,81.12161254882812
2004-12-28,81.56585693359375
2004-12-29,81.6870346069336
2004-12-30,81.53219604492188
2004-12-31,81.35719299316406
2005-01-03,80.97350311279297
2005-01-04,79.98406219482422
2005-01-05,79.43213653564453
2005-01-06,79.83599853515625
2005-01-07,79.72157287597656
2005-01-10,80.09851837158203
2005-01-11,79.54657745361328
2005-01-12,79.80908203125
2005-01-13,79.16963195800781
2005-01-14,79.5869369506836
2005-01-18,80.41484069824219
2005-01-19,79.57347869873047
2005-01-20,79.0888442993164
2005-01-21,78.604248046875
2005-01-24,78.4494400024414
2005-01-25,78.6715316772461
2005-01-26,78.90713500976562
2005-01-27,79.04175567626953
2005-01-28,79.04175567626953
2005-01-31,79.53312683105469
2005-02-01,80.0379409790039
2005-02-02,80.28022003173828
2005-02-03,80.07158660888672
2005-02-04,80.92640686035156
2005-02-07,80.8187255859375
2005-02-08,80.9129638671875
2005-02-09,80.30716705322266
2005-02-10,80.5965805053711
2005-02-11,81.28987884521484
2005-02-14,81.22930908203125
2005-02-15,81.53219604492188
2005-02-16,81.58605194091797
2005-02-17,80.92640686035156
2005-02-18,81.0340805053711
2005-02-22,79.82926940917969
2005-02-23,80.40141296386719
2005-02-24,80.93313598632812
2005-02-25,81.7341537475586
2005-02-28,81.19564056396484
2005-03-01,81.5995101928711
2005-03-02,81.55909729003906
2005-03-03,81.59278869628906
2005-03-04,82.60914611816406
2005-03-07,82.6495132446289
2005-03-08,82.33991241455078
2005-03-09,81.4245376586914
2005-03-10,81.60624694824219
2005-03-11,81.0340805053711
2005-03-14,81.53894805908203
2005-03-15,80.86582946777344
2005-03-16,80.17927551269531
2005-03-17,80.34082794189453
2005-03-18,80.102294921875
2005-03-21,79.80496215820312
2005-03-22,78.99408721923828
2005-03-23,79.06163787841797
2005-03-24,79.15625
2005-03-28,79.27113342285156
2005-03-29,78.7440185546875
2005-03-30,79.85903930664062
2005-03-31,79.71033477783203
2005-04-01,79.35223388671875
2005-04-04,79.48736572265625
2005-04-05,79.86573028564453
2005-04-06,80.142822265625
2005-04-07,80.57530975341797
2005-04-08,79.73738098144531
2005-04-11,79.79820251464844
2005-04-12,80.21038055419922
2005-04-13,79.26435852050781
2005-04-14,78.23046112060547
2005-04-15,77.13577270507812
2005-04-18,77.37229919433594
2005-04-19,77.98719787597656
2005-04-20,76.89926147460938
2005-04-21,78.39263916015625
2005-04-22,78.0953140258789
2005-04-25,78.60891723632812
2005-04-26,77.8453140258789
2005-04-27,78.14936828613281
2005-04-28,77.16956329345703
2005-04-29,78.21698760986328
2005-05-02,78.65619659423828
2005-05-03,78.79132843017578
2005-05-04,79.39949798583984
2005-05-05,79.37249755859375
2005-05-06,79.12246704101562
2005-05-09,79.61570739746094
2005-05-10,78.79132843017578
2005-05-11,79.22379302978516
2005-05-12,78.35210418701172
2005-05-13,78.19669342041016
2005-05-16,78.92650604248047
2005-05-17,79.45355224609375
2005-05-18,80.27120971679688
2005-05-19,80.6091079711914
2005-05-20,80.49422454833984
2005-05-23,80.94019317626953
2005-05-24,80.7509765625
2005-05-25,80.6901626586914
2005-05-26,81.12267303466797
2005-05-27,81.25779724121094
2005-05-31,80.73747253417969
2005-06-01,81.42674255371094
2005-06-02,81.6024169921875
2005-06-03,81.19020080566406
2005-06-06,81.11589050292969
2005-06-07,81.17667388916016
2005-06-08,81.02803802490234
2005-06-09,81.41320037841797
2005-06-10,81.22401428222656
2005-06-13,81.48077392578125
2005-06-14,81.66997528076172
2005-06-15,81.82543182373047
2005-06-16,82.03491973876953
2005-06-17,82.33885955810547
2005-06-20,82.36601257324219
2005-06-21,82.4134750366211
2005-06-22,82.48129272460938
2005-06-23,81.32115936279297
2005-06-24,80.72412109375
2005-06-27,80.83941650390625
2005-06-28,81.51790618896484
2005-06-29,81.30079650878906
2005-06-30,80.85980987548828
2005-07-01,81.09722900390625
2005-07-05,81.74860382080078
2005-07-06,81.0633544921875
2005-07-07,81.38221740722656
2005-07-08,82.31172943115234
2005-07-11,82.73236846923828
2005-07-12,82.94947814941406
2005-07-13,83.06482696533203
2005-07-14,83.39045715332031
2005-07-15,83.3429946899414
2005-07-18,83.01050567626953
2005-07-19,83.4651107788086
2005-07-20,83.75004577636719
2005-07-21,83.26158905029297
2005-07-22,83.81788635253906
2005-07-25,83.5804443359375
2005-07-26,83.6822280883789
2005-07-27,83.9875259399414
2005-07-28,84.51673126220703
2005-07-29,83.95357513427734
2005-08-01,83.8925552368164
2005-08-02,84.39459991455078
2005-08-03,84.61849975585938
2005-08-04,83.94004821777344
2005-08-05,83.37012481689453
2005-08-08,83.21405792236328
2005-08-09,83.71614837646484
2005-08-10,83.67544555664062
2005-08-11,84.00789642333984
2005-08-12,83.49224090576172
2005-08-15,84.00789642333984
2005-08-16,82.91554260253906
2005-08-17,82.90874481201172
2005-08-18,82.9020004272461
2005-08-19,83.09194946289062
2005-08-22,83.09194946289062
2005-08-23,82.93589782714844
2005-08-24,82.19636535644531
2005-08-25,82.49490356445312
2005-08-26,81.9317855834961
2005-08-29,82.56273651123047
2005-08-30,82.1285400390625
2005-08-31,83.16658020019531
2005-09-01,83.10551452636719
2005-09-02,82.95625305175781
2005-09-06,83.92644500732422
2005-09-07,84.06893920898438
2005-09-08,83.790771484375
2005-09-09,84.53707122802734
2005-09-12,84.36748504638672
2005-09-13,83.89933776855469
2005-09-14,83.59406280517578
2005-09-15,83.55330657958984
2005-09-16,84.1474609375
2005-09-19,83.86810302734375
2005-09-20,83.15950012207031
2005-09-21,82.38280487060547
2005-09-22,82.67572784423828
2005-09-23,82.74386596679688
2005-09-26,82.8392333984375
2005-09-27,82.81879425048828
2005-09-28,82.90052795410156
2005-09-29,83.57513427734375
2005-09-30,83.8340072631836
2005-10-03,83.53421020507812
2005-10-04,82.5939712524414
2005-10-05,81.5106201171875
2005-10-06,81.21761322021484
2005-10-07,81.49696350097656
2005-10-10,80.80884552001953
2005-10-11,80.69296264648438
2005-10-12,80.059326171875
2005-10-13,80.01165771484375
2005-10-14,80.85648345947266
2005-10-17,81.15629577636719
2005-10-18,80.27737426757812
2005-10-19,81.6128158569336
2005-10-20,80.17512512207031
2005-10-21,80.48857116699219
2005-10-24,81.73544311523438
2005-10-25,81.57192993164062
2005-10-26,81.33345031738281
2005-10-27,80.4681167602539
2005-10-28,81.62644958496094
2005-10-31,81.85127258300781
2005-11-01,82.0965805053711
2005-11-02,82.9550552368164
2005-11-03,83.30937194824219
2005-11-04,83.20036315917969
2005-11-07,83.28209686279297
2005-11-08,83.28209686279297
2005-11-09,83.39115905761719
2005-11-10,84.0384292602539
2005-11-11,84.32461547851562
2005-11-14,84.27691650390625
2005-11-15,83.97028350830078
2005-11-16,84.14060974121094
2005-11-17,84.9241943359375
2005-11-18,85.2580337524414
2005-11-21,85.68732452392578
2005-11-22,86.05525207519531
2005-11-23,86.55261993408203
2005-11-25,86.62077331542969
2005-11-28,86.00758361816406
2005-11-29,85.91216278076172
2005-11-30,85.44881439208984
2005-12-01,86.32097625732422
2005-12-02,86.42997741699219
2005-12-05,86.24604034423828
2005-12-06,86.4095458984375
2005-12-07,85.90536499023438
2005-12-08,85.85083770751953
2005-12-09,86.07569885253906
2005-12-12,86.15745544433594
2005-12-13,86.74342346191406
2005-12-14,87.08409118652344
2005-12-15,86.83200073242188
2005-12-16,86.55250549316406
2005-12-19,86.10731506347656
2005-12-20,86.18949890136719
2005-12-21,86.32649230957031
2005-12-22,86.77857971191406
2005-12-23,86.8265380859375
2005-12-27,85.94290161132812
2005-12-28,86.13468170166016
2005-12-29,85.7511215209961
2005-12-30,85.28533172607422
2006-01-03,86.78543090820312
2006-01-04,87.19639587402344
2006-01-05,87.2511215209961
2006-01-06,87.97724151611328
2006-01-09,88.20327758789062
2006-01-10,88.29232788085938
2006-01-11,88.57319641113281
2006-01-12,88.22386932373047
2006-01-13,88.14167785644531
2006-01-17,87.9019546508789
2006-01-18,87.55257415771484
2006-01-19,87.88821411132812
2006-01-20,86.28540802001953
2006-01-23,86.5936279296875
2006-01-24,86.68262481689453
2006-01-25,86.75801086425781
2006-01-26,87.23749542236328
2006-01-27,88.04574584960938
2006-01-30,87.97724151611328
2006-01-31,87.33338928222656
2006-02-01,87.94300842285156
2006-02-02,86.92241668701172
2006-02-03,86.49085235595703
2006-02-06,86.71691131591797
2006-02-07,85.94978332519531
2006-02-08,86.73063659667969
2006-02-09,86.5867919921875
2006-02-10,86.74432373046875
2006-02-13,86.5867919921875
2006-02-14,87.50462341308594
2006-02-15,87.81285858154297
2006-02-16,88.4704360961914
2006-02-17,88.23068237304688
2006-02-21,88.0114974975586
2006-02-22,88.5457992553711
2006-02-23,88.4156265258789
2006-02-24,88.64165496826172
2006-02-27,88.67595672607422
2006-02-28,87.83345031738281
2006-03-01,88.61426544189453
2006-03-02,88.607421875
2006-03-03,88.19644165039062
2006-03-06,87.79232788085938
2006-03-07,87.65532684326172
2006-03-08,87.84028625488281
2006-03-09,87.2511215209961
2006-03-10,88.07999420166016
2006-03-13,88.24439239501953
2006-03-14,89.1690902709961
2006-03-15,89.56640625
2006-03-16,89.75131225585938
2006-03-17,89.82630920410156
2006-03-20,89.68186950683594
2006-03-21,89.11793518066406
2006-03-22,89.66127014160156
2006-03-23,89.47554779052734
2006-03-24,89.54434967041016
2006-03-27,89.41365051269531
2006-03-28,88.8635025024414
2006-03-29,89.4205322265625
2006-03-30,89.26238250732422
2006-03-31,89.2829818725586
2006-04-03,89.21422576904297
2006-04-04,89.78504180908203
2006-04-05,90.094482421875
2006-04-06,89.99818420410156
2006-04-07,89.08356475830078
2006-04-10,89.22110748291016
2006-04-11,88.46465301513672
2006-04-12,88.62973022460938
2006-04-13,88.51278686523438
2006-04-17,88.47838592529297
2006-04-18,89.88130187988281
2006-04-19,90.05323028564453
2006-04-20,90.1770248413086
2006-04-21,90.19075775146484
2006-04-24,90.02570343017578
2006-04-25,89.65438079833984
2006-04-26,89.67500305175781
2006-04-27,90.10823059082031
2006-04-28,90.41081237792969
2006-05-01,89.67500305175781
2006-05-02,90.34893035888672
2006-05-03,90.01194763183594
2006-05-04,90.33513641357422
2006-05-05,91.13288879394531
2006-05-08,91.02284240722656
2006-05-09,91.20165252685547
2006-05-10,91.15354919433594
2006-05-11,90.05323028564453
2006-05-12,88.87728118896484
2006-05-15,89.0560531616211
2006-05-16,88.9254150390625
2006-05-17,87.23367309570312
2006-05-18,86.79358673095703
2006-05-19,87.40560913085938
2006-05-22,86.7385482788086
2006-05-23,86.07838439941406
2006-05-24,86.76607513427734
2006-05-25,87.8388671875
2006-05-26,88.28583526611328
2006-05-30,86.71790313720703
2006-05-31,87.6875991821289
2006-06-01,88.52656555175781
2006-06-02,88.71223449707031
2006-06-05,87.41939544677734
2006-06-06,87.20616912841797
2006-06-07,86.55288696289062
2006-06-08,86.47720336914062
2006-06-09,86.20216369628906
2006-06-12,85.26686096191406
2006-06-13,84.27660369873047
2006-06-14,84.92992401123047
2006-06-15,86.73167419433594
2006-06-16,86.09964752197266
2006-06-19,85.42273712158203
2006-06-20,85.71285247802734
2006-06-21,86.34831237792969
2006-06-22,85.96842956542969
2006-06-23,85.9545669555664
2006-06-26,86.33451843261719
2006-06-27,85.58851623535156
2006-06-28,86.168701171875
2006-06-29,87.90936279296875
2006-06-30,87.9162826538086
2006-07-03,88.27545928955078
2006-07-05,87.77123260498047
2006-07-06,88.02679443359375
2006-07-07,87.45347595214844
2006-07-10,87.6192626953125
2006-07-11,88.00605010986328
2006-07-12,87.06668090820312
2006-07-13,85.65066528320312
2006-07-14,85.31912231445312
2006-07-17,85.19479370117188
2006-07-18,85.62993621826172
2006-07-19,86.81800079345703
2006-07-20,86.22398376464844
2006-07-21,85.61612701416016
2006-07-24,87.17720794677734
2006-07-25,87.48802947998047
2006-07-26,87.60542297363281
2006-07-27,87.52254486083984
2006-07-28,88.3997802734375
2006-07-31,88.31000518798828
2006-08-01,87.87483215332031
2006-08-02,88.46884155273438
2006-08-03,88.70372009277344
2006-08-04,88.5517349243164
2006-08-07,88.34452819824219
2006-08-08,88.00605010986328
2006-08-09,87.70906829833984
2006-08-10,87.97843933105469
2006-08-11,87.72976684570312
2006-08-14,87.79884338378906
2006-08-15,88.8487548828125
2006-08-16,89.58782958984375
2006-08-17,89.8157730102539
2006-08-18,90.27167510986328
2006-08-21,89.88484191894531
2006-08-22,89.8779525756836
2006-08-23,89.62930297851562
2006-08-24,89.55330657958984
2006-08-25,89.66382598876953
2006-08-28,90.09207153320312
2006-08-29,90.19570922851562
2006-08-30,90.25096130371094
2006-08-31,90.2371597290039
2006-09-01,90.77591705322266
2006-09-05,90.94857788085938
2006-09-06,90.1473388671875
2006-09-07,89.73287963867188
2006-09-08,89.98844909667969
2006-09-11,90.0782470703125
2006-09-12,90.96241760253906
2006-09-13,91.32848358154297
2006-09-14,91.33538055419922
2006-09-15,91.5497817993164
2006-09-18,91.6746597290039
2006-09-19,91.44570922851562
2006-09-20,91.9313735961914
2006-09-21,91.48735809326172
2006-09-22,91.20980072021484
2006-09-25,91.9105224609375
2006-09-26,92.67369079589844
2006-09-27,92.78467559814453
2006-09-28,92.74996948242188
2006-09-29,92.67369079589844
2006-10-02,92.3267822265625
2006-10-03,92.52106475830078
2006-10-04,93.60333251953125
2006-10-05,93.78369140625
2006-10-06,93.66580200195312
2006-10-09,93.72127532958984
2006-10-10,93.84616088867188
2006-10-11,93.73509979248047
2006-10-12,94.5468521118164
2006-10-13,94.78962707519531
2006-10-16,94.93534851074219
2006-10-17,94.63703918457031
2006-10-18,94.76192474365234
2006-10-19,94.91455078125
2006-10-20,94.93534851074219
2006-10-23,95.37244415283203
2006-10-24,95.6568832397461
2006-10-25,95.98294830322266
2006-10-26,96.28123474121094
2006-10-27,95.67765045166016
2006-10-30,95.60828399658203
2006-10-31,95.59445190429688
2006-11-01,94.9492416381836
2006-11-02,94.8936996459961
2006-11-03,94.72722625732422
2006-11-06,95.79561614990234
2006-11-07,96.16329193115234
2006-11-08,96.37144470214844
2006-11-09,95.86497497558594
2006-11-10,95.90666198730469
2006-11-13,96.14250946044922
2006-11-14,96.86407470703125
2006-11-15,97.14158630371094
2006-11-16,97.39128875732422
2006-11-17,97.41908264160156
2006-11-20,97.47457122802734
2006-11-21,97.57170104980469
2006-11-22,97.76592254638672
2006-11-24,97.3704833984375
2006-11-27,96.03153228759766
2006-11-28,96.44776916503906
2006-11-29,97.45375061035156
2006-11-30,97.49539947509766
2006-12-01,97.28031921386719
2006-12-04,98.02261352539062
2006-12-05,98.44583892822266
2006-12-06,98.362548828125
2006-12-07,97.93244934082031
2006-12-08,98.11280059814453
2006-12-11,98.39724731445312
2006-12-12,98.3209457397461
2006-12-13,98.42501831054688
2006-12-14,99.292236328125
2006-12-15,99.30128479003906
2006-12-18,99.02918243408203
2006-12-19,99.21759796142578
2006-12-20,99.16175842285156
2006-12-21,98.79898071289062
2006-12-22,98.19209289550781
2006-12-26,98.7710952758789
2006-12-27,99.41986846923828
2006-12-28,99.2105941772461
2006-12-29,98.79898071289062
2007-01-03,98.62458038330078
2007-01-04,98.83392333984375
2007-01-05,98.0455551147461
2007-01-08,98.49899291992188
2007-01-09,98.41529846191406
2007-01-10,98.7431869506836
2007-01-11,99.17576599121094
2007-01-12,99.92920684814453
2007-01-16,99.73381805419922
2007-01-17,99.77571868896484
2007-01-18,99.44084167480469
2007-01-19,99.63615417480469
2007-01-22,99.32923126220703
2007-01-23,99.62220764160156
2007-01-24,100.42447662353516
2007-01-25,99.24546813964844
2007-01-26,99.1547622680664
2007-01-29,99.09899139404297
2007-01-30,99.61521911621094
2007-01-31,100.28494262695312
2007-02-01,100.88494110107422
2007-02-02,101.0244369506836
2007-02-05,101.0523910522461
2007-02-06,101.08027648925781
2007-02-07,101.30349731445312
2007-02-08,101.17094421386719
2007-02-09,100.4175033569336
2007-02-12,100.07563781738281
2007-02-13,100.91981506347656
2007-02-14,101.5825424194336
2007-02-15,101.71514129638672
2007-02-16,101.66626739501953
2007-02-20,101.88253021240234
2007-02-21,101.84066772460938
2007-02-22,101.76392364501953
2007-02-23,101.36630249023438
2007-02-26,101.27557373046875
2007-02-27,97.32001495361328
2007-02-28,98.31765747070312
2007-03-01,98.02464294433594
2007-03-02,96.74095153808594
2007-03-05,95.82012176513672
2007-03-06,97.45954895019531
2007-03-07,97.3618392944336
2007-03-08,98.1850814819336
2007-03-09,98.2129135131836
2007-03-12,98.35950469970703
2007-03-13,96.4479751586914
2007-03-14,97.16654205322266
2007-03-15,97.29911041259766
2007-03-16,97.026611328125
2007-03-19,98.19632720947266
2007-03-20,98.73560333251953
2007-03-21,100.36054992675781
2007-03-22,100.28349304199219
2007-03-23,100.43057250976562
2007-03-26,100.2975082397461
2007-03-27,100.05938720703125
2007-03-28,99.33094787597656
2007-03-29,99.43603515625
2007-03-30,99.45701599121094
2007-04-02,99.56913757324219
2007-04-03,100.64068603515625
2007-04-04,100.75279235839844
2007-04-05,101.02588653564453
2007-04-09,101.16602325439453
2007-04-10,101.28507995605469
2007-04-11,100.871826171875
2007-04-12,101.32010650634766
2007-04-13,101.78235626220703
2007-04-16,102.74889373779297
2007-04-17,103.02203369140625
2007-04-18,103.14816284179688
2007-04-19,103.1201171875
2007-04-20,104.09368133544922
2007-04-23,103.70147705078125
2007-04-24,103.74348449707031
2007-04-25,104.69603729248047
2007-04-26,104.8150863647461
2007-04-27,104.73106384277344
2007-04-30,103.862548828125
2007-05-01,104.12869262695312
2007-05-02,104.738037109375
2007-05-03,105.30543518066406
2007-05-04,105.70458984375
2007-05-07,105.72563934326172
2007-05-08,105.58552551269531
2007-05-09,105.87277221679688
2007-05-10,104.76606750488281
2007-05-11,105.6625747680664
2007-05-14,105.43143463134766
2007-05-15,105.45945739746094
2007-05-16,106.18092346191406
2007-05-17,105.97080993652344
2007-05-18,106.89532470703125
2007-05-21,106.83927154541016
2007-05-22,106.75518035888672
2007-05-23,106.7691879272461
2007-05-24,105.80269622802734
2007-05-25,106.24393463134766
2007-05-29,106.6291275024414
2007-05-30,107.49762725830078
2007-05-31,107.38557434082031
2007-06-01,107.91787719726562
2007-06-04,107.93189239501953
2007-06-05,107.5046157836914
2007-06-06,106.34896850585938
2007-06-07,104.42988586425781
2007-06-08,105.78868103027344
2007-06-11,105.97080993652344
2007-06-12,104.8150863647461
2007-06-13,106.38399505615234
2007-06-14,107.06342315673828
2007-06-15,107.67256927490234
2007-06-18,107.54592895507812
2007-06-19,107.81319427490234
2007-06-20,106.31494140625
2007-06-21,106.90580749511719
2007-06-22,105.8999252319336
2007-06-25,105.3934555053711
2007-06-26,104.31022644042969
2007-06-27,105.79441833496094
2007-06-28,105.78034973144531
2007-06-29,105.81555938720703
2007-07-02,106.77213287353516
2007-07-03,107.15908813476562
2007-07-05,107.0465316772461
2007-07-06,107.60923767089844
2007-07-09,107.693603515625
2007-07-10,106.16023254394531
2007-07-11,106.91287994384766
2007-07-12,108.60103607177734
2007-07-13,108.92463684082031
2007-07-16,108.91059112548828
2007-07-17,108.8542709350586
2007-07-18,108.65730285644531
2007-07-19,109.07940673828125
2007-07-20,107.97499084472656
2007-07-23,108.30558776855469
2007-07-24,106.42755126953125
2007-07-25,106.64557647705078
2007-07-26,104.12032318115234
2007-07-27,102.0733413696289
2007-07-30,103.67008209228516
2007-07-31,102.50242614746094
2007-08-01,103.00184631347656
2007-08-02,103.82485961914062
2007-08-03,101.15185546875
2007-08-06,102.84709167480469
2007-08-07,103.94441986083984
2007-08-08,105.3934555053711
2007-08-09,102.27027893066406
2007-08-10,101.79195404052734
2007-08-13,102.15775299072266
2007-08-14,100.59614562988281
2007-08-15,99.21035766601562
2007-08-16,99.95606994628906
2007-08-17,101.79195404052734
2007-08-20,101.74270629882812
2007-08-21,101.9466781616211
2007-08-22,103.15657806396484
2007-08-23,103.06513214111328
2007-08-24,104.33827209472656
2007-08-27,103.36763763427734
2007-08-28,101.09555053710938
2007-08-29,103.07919311523438
2007-08-30,102.80487823486328
2007-08-31,103.81778717041016
2007-09-04,104.8659439086914
2007-09-05,103.95848846435547
2007-09-06,104.19770050048828
2007-09-07,102.74861907958984
2007-09-10,102.55167388916016
2007-09-11,103.7474365234375
2007-09-12,104.01476287841797
2007-09-13,104.74630737304688
2007-09-14,104.73926544189453
2007-09-17,104.17652130126953
2007-09-18,107.24346923828125
2007-09-19,107.8765640258789
2007-09-20,107.1167984008789
2007-09-21,107.40589904785156
2007-09-24,107.20803833007812
2007-09-25,106.99595642089844
2007-09-26,107.56141662597656
2007-09-27,108.19750213623047
2007-09-28,107.8370590209961
2007-10-01,109.0526123046875
2007-10-02,108.9041976928711
2007-10-03,108.68510437011719
2007-10-04,108.85478210449219
2007-10-05,110.14812469482422
2007-10-08,109.56149291992188
2007-10-09,110.5933837890625
2007-10-10,110.4096450805664
2007-10-11,109.87954711914062
2007-10-12,110.48735809326172
2007-10-15,109.55448150634766
2007-10-16,108.68510437011719
2007-10-17,109.017333984375
2007-10-18,108.62152862548828
2007-10-19,105.78036499023438
2007-10-22,106.39523315429688
2007-10-23,107.25748443603516
2007-10-24,107.05956268310547
2007-10-25,107.31400299072266
2007-10-26,108.57208251953125
2007-10-29,108.9325180053711
2007-10-30,108.17628479003906
2007-10-31,109.29999542236328
2007-11-01,106.74152374267578
2007-11-02,106.8617172241211
2007-11-05,106.04888153076172
2007-11-06,107.4765625
2007-11-07,104.53646850585938
2007-11-08,104.00640869140625
2007-11-09,102.5787353515625
2007-11-12,101.56105041503906
2007-11-13,104.6566162109375
2007-11-14,104.36683654785156
2007-11-15,102.8614730834961
2007-11-16,103.03812408447266
2007-11-19,101.60345458984375
2007-11-20,102.22537994384766
2007-11-21,100.13338470458984
2007-11-23,101.86494445800781
2007-11-26,99.61744689941406
2007-11-27,100.76242065429688
2007-11-28,103.98518371582031
2007-11-29,104.02052307128906
2007-11-30,105.06654357910156
2007-12-03,104.37389373779297
2007-12-04,103.4410400390625
2007-12-05,105.17257690429688
2007-12-06,106.67792510986328
2007-12-07,106.65674591064453
2007-12-10,107.48365020751953
2007-12-11,104.53646850585938
2007-12-12,105.56834411621094
2007-12-13,105.3492660522461
2007-12-14,104.01348876953125
2007-12-17,102.529296875
2007-12-18,103.10176086425781
2007-12-19,103.10176086425781
2007-12-20,103.75196838378906
2007-12-21,105.24761962890625
2007-12-24,106.02918243408203
2007-12-26,106.25651550292969
2007-12-27,104.92079162597656
2007-12-28,104.65788269042969
2007-12-31,103.88343048095703
2008-01-02,102.97392272949219
2008-01-03,102.92423248291016
2008-01-04,100.40191650390625
2008-01-07,100.31663513183594
2008-01-08,98.69670104980469
2008-01-09,99.73406219482422
2008-01-10,100.3877182006836
2008-01-11,99.57772064208984
2008-01-14,100.38060760498047
2008-01-15,98.17094421386719
2008-01-16,97.3254165649414
2008-01-17,94.80310821533203
2008-01-18,93.82975006103516
2008-01-22,92.87765502929688
2008-01-23,95.10862731933594
2008-01-24,95.91153717041016
2008-01-25,94.52601623535156
2008-01-28,96.08914947509766
2008-01-29,96.56523895263672
2008-01-30,95.85472869873047
2008-01-31,97.60250854492188
2008-02-01,99.1727523803711
2008-02-04,97.92229461669922
2008-02-05,95.30050659179688
2008-02-06,94.53309631347656
2008-02-07,95.15835571289062
2008-02-08,94.54734802246094
2008-02-11,95.03048706054688
2008-02-12,95.91153717041016
2008-02-13,96.89199829101562
2008-02-14,96.03939056396484
2008-02-15,96.01811218261719
2008-02-19,96.28810119628906
2008-02-20,96.5722885131836
2008-02-21,95.76941680908203
2008-02-22,96.35914611816406
2008-02-25,97.57411193847656
2008-02-26,98.305908203125
2008-02-27,98.20641326904297
2008-02-28,97.24726104736328
2008-02-29,95.0802230834961
2008-03-03,94.85287475585938
2008-03-04,94.4905014038086
2008-03-05,95.08735656738281
2008-03-06,93.11921691894531
2008-03-07,92.16002655029297
2008-03-10,90.94506072998047
2008-03-11,94.21341705322266
2008-03-12,93.33235931396484
2008-03-13,93.53842163085938
2008-03-14,92.08898162841797
2008-03-17,91.158203125
2008-03-18,94.94522094726562
2008-03-19,92.59344482421875
2008-03-20,94.30854034423828
2008-03-24,96.1935806274414
2008-03-25,96.286376953125
2008-03-26,95.10824584960938
2008-03-27,94.80838012695312
2008-03-28,93.90149688720703
2008-03-31,94.23001098632812
2008-04-01,97.54305267333984
2008-04-02,97.60735321044922
2008-04-03,97.8500747680664
2008-04-04,97.74297332763672
2008-04-07,97.79298400878906
2008-04-08,97.69300842285156
2008-04-09,96.98613739013672
2008-04-10,97.12179565429688
2008-04-11,95.23673248291016
2008-04-14,94.91545867919922
2008-04-15,95.1368179321289
2008-04-16,97.71440887451172
2008-04-17,97.85722351074219
2008-04-18,98.87828063964844
2008-04-21,98.92828369140625
2008-04-22,98.49274444580078
2008-04-23,98.33566284179688
2008-04-24,98.76402282714844
2008-04-25,99.67801666259766
2008-04-28,99.699462890625
2008-04-29,99.30673217773438
2008-04-30,98.7212142944336
2008-05-01,100.7633285522461
2008-05-02,101.0418472290039
2008-05-05,100.55628204345703
2008-05-06,101.42736053466797
2008-05-07,99.62091064453125
2008-05-08,99.36384582519531
2008-05-09,99.17813110351562
2008-05-12,100.29204559326172
2008-05-13,100.306396484375
2008-05-14,100.5134048461914
2008-05-15,101.77008056640625
2008-05-16,101.86296081542969
2008-05-19,102.14143371582031
2008-05-20,101.31310272216797
2008-05-21,99.59947204589844
2008-05-22,99.6137466430664
2008-05-23,98.27851867675781
2008-05-27,99.00680541992188
2008-05-28,99.46377563476562
2008-05-29,99.96363067626953
2008-05-30,100.21353912353516
2008-06-02,99.17813110351562
2008-06-03,98.59980010986328
2008-06-04,98.54987335205078
2008-06-05,100.52056121826172
2008-06-06,97.3145980834961
2008-06-09,97.55021667480469
2008-06-10,97.0646743774414
2008-06-11,95.6366195678711
2008-06-12,96.00077056884766
2008-06-13,97.21461486816406
2008-06-16,97.271728515625
2008-06-17,96.80048370361328
2008-06-18,95.85795593261719
2008-06-19,95.97935485839844
2008-06-20,94.42145538330078
2008-06-23,94.32814025878906
2008-06-24,94.14156341552734
2008-06-25,94.58648681640625
2008-06-26,92.01750183105469
2008-06-27,91.51517486572266
2008-06-30,91.83810424804688
2008-07-01,92.12513732910156
2008-07-02,90.54644012451172
2008-07-03,90.63970947265625
2008-07-07,89.7140121459961
2008-07-08,91.30712127685547
2008-07-09,89.5489730834961
2008-07-10,89.91495513916016
2008-07-11,88.86724853515625
2008-07-14,88.06351470947266
2008-07-15,86.82207489013672
2008-07-16,88.95333099365234
2008-07-17,89.84317016601562
2008-07-18,90.40291595458984
2008-07-21,90.4531478881836
2008-07-22,91.47929382324219
2008-07-23,91.97445678710938
2008-07-24,90.06561279296875
2008-07-25,90.04408264160156
2008-07-28,88.72373962402344
2008-07-29,90.6181869506836
2008-07-30,92.23274230957031
2008-07-31,91.01289367675781
2008-08-01,90.53209686279297
2008-08-04,89.69246673583984
2008-08-05,92.11074829101562
2008-08-06,92.51983642578125
2008-08-07,91.14202117919922
2008-08-08,92.83553314208984
2008-08-11,93.79715728759766
2008-08-12,92.82122039794922
2008-08-13,92.26145935058594
2008-08-14,92.95756530761719
2008-08-15,93.40960693359375
2008-08-18,92.13230895996094
2008-08-19,91.12767791748047
2008-08-20,91.55106353759766
2008-08-21,91.70893096923828
2008-08-22,93.03648376464844
2008-08-25,91.14917755126953
2008-08-26,91.4146957397461
2008-08-27,92.30453491210938
2008-08-28,93.42395782470703
2008-08-29,92.41934967041016
2008-09-02,91.84524536132812
2008-09-03,91.7663345336914
2008-09-04,89.00359344482422
2008-09-05,89.28343963623047
2008-09-08,91.12767791748047
2008-09-09,88.42233276367188
2008-09-10,88.78113555908203
2008-09-11,90.06561279296875
2008-09-12,90.48184204101562
2008-09-15,86.17625427246094
2008-09-16,87.6186294555664
2008-09-17,83.67900848388672
2008-09-18,86.16190338134766
2008-09-19,89.58373260498047
2008-09-22,87.55560302734375
2008-09-23,85.56358337402344
2008-09-24,85.83782958984375
2008-09-25,87.1802978515625
2008-09-26,87.22360229492188
2008-09-29,80.38860321044922
2008-09-30,83.71588897705078
2008-10-01,83.76640319824219
2008-10-02,80.7278060913086
2008-10-03,79.63800811767578
2008-10-06,75.58174896240234
2008-10-07,72.19676971435547
2008-10-08,70.37792205810547
2008-10-09,65.46278381347656
2008-10-10,63.874961853027344
2008-10-13,73.1494369506836
2008-10-14,72.06681823730469
2008-10-15,64.97198486328125
2008-10-16,67.67859649658203
2008-10-17,67.2744140625
2008-10-20,71.31620788574219
2008-10-21,69.18702697753906
2008-10-22,65.41949462890625
2008-10-23,66.17731475830078
2008-10-24,62.82118606567383
2008-10-27,60.59097671508789
2008-10-28,67.67134857177734
2008-10-29,67.18058013916016
2008-10-30,69.50460815429688
2008-10-31,69.88712310791016
2008-11-03,70.08922576904297
2008-11-04,72.47102355957031
2008-11-05,69.42523193359375
2008-11-06,65.5782699584961
2008-11-07,67.74353790283203
2008-11-10,66.85578918457031
2008-11-11,64.79158020019531
2008-11-12,61.94066619873047
2008-11-13,65.80203247070312
2008-11-14,62.51807403564453
2008-11-17,61.68806838989258
2008-11-18,62.85007095336914
2008-11-19,58.82269287109375
2008-11-20,54.45610809326172
2008-11-21,57.393619537353516
2008-11-24,61.3704948425293
2008-11-25,61.825191497802734
2008-11-26,64.21418762207031
2008-11-28,65.02254486083984
2008-12-01,59.26296615600586
2008-12-02,61.543697357177734
2008-12-03,63.02326202392578
2008-12-04,61.56534957885742
2008-12-05,63.46356201171875
2008-12-08,65.67932891845703
2008-12-09,64.59668731689453
2008-12-10,65.03697967529297
2008-12-11,63.470802307128906
2008-12-12,64.22862243652344
2008-12-15,63.33365249633789
2008-12-16,66.31449127197266
2008-12-17,65.6721420288086
2008-12-18,64.44511413574219
2008-12-19,64.16793060302734
2008-12-22,63.345733642578125
2008-12-23,62.69084167480469
2008-12-24,63.054664611816406
2008-12-26,63.41847610473633
2008-12-29,63.2365608215332
2008-12-30,64.73548126220703
2008-12-31,65.65953826904297
2009-01-02,67.63859558105469
2009-01-05,67.55858612060547
2009-01-06,68.00971984863281
2009-01-07,65.97238159179688
2009-01-08,66.24161529541016
2009-01-09,64.8227767944336
2009-01-12,63.26570129394531
2009-01-13,63.3820915222168
2009-01-14,61.38846206665039
2009-01-15,61.41027069091797
2009-01-16,61.8905029296875
2009-01-20,58.62353515625
2009-01-21,61.1556282043457
2009-01-22,60.20970916748047
2009-01-23,60.471641540527344
2009-01-26,60.886390686035156
2009-01-27,61.504859924316406
2009-01-28,63.585811614990234
2009-01-29,61.5194091796875
2009-01-30,60.26793670654297
2009-02-02,60.086029052734375
2009-02-03,60.930057525634766
2009-02-04,60.63175582885742
2009-02-05,61.53396987915039
2009-02-06,63.28751754760742
2009-02-09,63.37480545043945
2009-02-10,60.471641540527344
2009-02-11,60.828163146972656
2009-02-12,60.871849060058594
2009-02-13,60.21698760986328
2009-02-17,57.641258239746094
2009-02-18,57.50300598144531
2009-02-19,56.884552001953125
2009-02-20,56.33156204223633
2009-02-23,54.316078186035156
2009-02-24,56.37521743774414
2009-02-25,55.93137741088867
2009-02-26,55.02186584472656
2009-02-27,53.792213439941406
2009-03-02,51.369232177734375
2009-03-03,50.98363494873047
2009-03-04,52.19145965576172
2009-03-05,50.0595588684082
2009-03-06,50.146873474121094
2009-03-09,49.55751037597656
2009-03-10,52.51162338256836
2009-03-11,52.853580474853516
2009-03-12,54.93455123901367
2009-03-13,55.36383056640625
2009-03-16,55.19648361206055
2009-03-17,56.884552001953125
2009-03-18,58.157867431640625
2009-03-19,57.437522888183594
2009-03-20,56.21446228027344
2009-03-23,60.25228500366211
2009-03-24,59.06513977050781
2009-03-25,59.687992095947266
2009-03-26,60.90446853637695
2009-03-27,59.80524444580078
2009-03-30,57.73869323730469
2009-03-31,58.273685455322266
2009-04-01,59.40220642089844
2009-04-02,61.13899612426758
2009-04-03,61.747230529785156
2009-04-06,61.26354217529297
2009-04-07,59.83457946777344
2009-04-08,60.47944259643555
2009-04-09,62.88310241699219
2009-04-13,62.89774703979492
2009-04-14,61.81315231323242
2009-04-15,62.472721099853516
2009-04-16,63.38875961303711
2009-04-17,63.813758850097656
2009-04-20,61.13899612426758
2009-04-21,62.3334846496582
2009-04-22,61.95244216918945
2009-04-23,62.5606575012207
2009-04-24,63.5059814453125
2009-04-27,62.905086517333984
2009-04-28,62.707218170166016
2009-04-29,64.04092407226562
2009-04-30,64.06293487548828
2009-05-01,64.4073486328125
2009-05-04,66.5984878540039
2009-05-05,66.3713150024414
2009-05-06,67.52182006835938
2009-05-07,66.58382415771484
2009-05-08,68.13744354248047
2009-05-11,66.8623046875
2009-05-12,66.66444396972656
2009-05-13,64.98627471923828
2009-05-14,65.54322814941406
2009-05-15,65.00827026367188
2009-05-18,66.85498046875
2009-05-19,66.77435302734375
2009-05-20,66.32733917236328
2009-05-21,65.37467193603516
2009-05-22,65.2354507446289
2009-05-26,66.90626525878906
2009-05-27,65.71174621582031
2009-05-28,66.62777709960938
2009-05-29,67.80765533447266
2009-06-01,69.44915008544922
2009-06-02,69.50774383544922
2009-06-03,68.62841033935547
2009-06-04,69.27324676513672
2009-06-05,69.2879409790039
2009-06-08,69.00212097167969
2009-06-09,69.35386657714844
2009-06-10,69.17798614501953
2009-06-11,69.48576354980469
2009-06-12,69.67630767822266
2009-06-15,68.07877349853516
2009-06-16,67.15544891357422
2009-06-17,67.08946228027344
2009-06-18,67.58047485351562
2009-06-19,67.8295669555664
2009-06-22,65.79554748535156
2009-06-23,65.84710693359375
2009-06-24,66.41458892822266
2009-06-25,67.85903930664062
2009-06-26,67.68218231201172
2009-06-29,68.31594848632812
2009-06-30,67.76322174072266
2009-07-01,68.04329681396484
2009-07-02,66.18612670898438
2009-07-06,66.17879486083984
2009-07-07,64.89643096923828
2009-07-08,64.85224151611328
2009-07-09,64.97754669189453
2009-07-10,64.82276916503906
2009-07-13,66.39984893798828
2009-07-14,66.77570343017578
2009-07-15,68.7286605834961
2009-07-16,68.61808013916016
2009-07-17,69.36978149414062
2009-07-20,70.10674285888672
2009-07-21,70.43099212646484
2009-07-22,70.4162368774414
2009-07-23,71.97122955322266
2009-07-24,72.26604461669922
2009-07-27,72.47975158691406
2009-07-28,72.1407470703125
2009-07-29,71.9638671875
2009-07-30,72.71558380126953
2009-07-31,72.81877136230469
2009-08-03,74.01996612548828
2009-08-04,74.21158599853516
2009-08-05,73.99789428710938
2009-08-06,73.6146469116211
2009-08-07,74.58009338378906
2009-08-10,74.42532348632812
2009-08-11,73.49675750732422
2009-08-12,74.2852783203125
2009-08-13,74.85274505615234
2009-08-14,74.27793884277344
2009-08-17,72.45025634765625
2009-08-18,73.0251235961914
2009-08-19,73.666259765625
2009-08-20,74.42532348632812
2009-08-21,75.8844985961914
2009-08-24,75.87711334228516
2009-08-25,76.02452850341797
2009-08-26,76.03187561035156
2009-08-27,76.201416015625
2009-08-28,76.18665313720703
2009-08-31,75.50862884521484
2009-09-01,73.84310150146484
2009-09-02,73.56306457519531
2009-09-03,74.17475128173828
2009-09-04,75.21387481689453
2009-09-08,75.86241149902344
2009-09-09,76.44458770751953
2009-09-10,77.22573852539062
2009-09-11,77.21101379394531
2009-09-14,77.58686065673828
2009-09-15,77.91114044189453
2009-09-16,79.09025573730469
2009-09-17,78.97238159179688
2009-09-18,79.022705078125
2009-09-21,78.82276916503906
2009-09-22,79.2818832397461
2009-09-23,78.62284088134766
2009-09-24,77.75650024414062
2009-09-25,77.34183502197266
2009-09-28,78.72653198242188
2009-09-29,78.48956298828125
2009-09-30,78.18595123291016
2009-10-01,76.24592590332031
2009-10-02,75.89053344726562
2009-10-05,77.02345275878906
2009-10-06,78.12673950195312
2009-10-07,78.34149169921875
2009-10-08,78.94125366210938
2009-10-09,79.42252349853516
2009-10-12,79.7335433959961
2009-10-13,79.5706558227539
2009-10-14,80.94051361083984
2009-10-15,81.23670196533203
2009-10-16,80.62950897216797
2009-10-19,81.29592895507812
2009-10-20,80.86646270751953
2009-10-21,80.14083099365234
2009-10-22,80.95532989501953
2009-10-23,80.02973937988281
2009-10-26,79.16336059570312
2009-10-27,78.80056762695312
2009-10-28,77.31220245361328
2009-10-29,78.97088623046875
2009-10-30,76.6828384399414
2009-11-02,77.24559020996094
2009-11-03,77.48994445800781
2009-11-04,77.68985748291016
2009-11-05,79.11895751953125
2009-11-06,79.32627868652344
2009-11-09,81.13306427001953
2009-11-10,81.1478271484375
2009-11-11,81.56253051757812
2009-11-12,80.733154296875
2009-11-13,81.17003631591797
2009-11-16,82.347412109375
2009-11-17,82.44364929199219
2009-11-18,82.3918228149414
2009-11-19,81.31815338134766
2009-11-20,81.02935028076172
2009-11-23,82.0586166381836
2009-11-24,82.18448638916016
2009-11-25,82.4732894897461
2009-11-27,81.13306427001953
2009-11-30,81.40699005126953
2009-12-01,82.41403198242188
2009-12-02,82.37701416015625
2009-12-03,81.7328109741211
2009-12-04,82.19928741455078
2009-12-07,82.07342529296875
2009-12-08,81.16263580322266
2009-12-09,81.46624755859375
2009-12-10,81.92530822753906
2009-12-11,82.2733383178711
2009-12-14,82.83612060546875
2009-12-15,82.45104217529297
2009-12-16,82.57697296142578
2009-12-17,81.584716796875
2009-12-18,82.04629516601562
2009-12-21,82.88011169433594
2009-12-22,83.17784118652344
2009-12-23,83.34162902832031
2009-12-24,83.73616790771484
2009-12-28,83.91487884521484
2009-12-29,83.79573822021484
2009-12-30,83.76594543457031
2009-12-31,82.96195983886719
2010-01-04,84.36898040771484
2010-01-05,84.59229278564453
2010-01-06,84.65187072753906
2010-01-07,85.00923919677734
2010-01-08,85.29208374023438
2010-01-11,85.4112548828125
2010-01-12,84.61466979980469
2010-01-13,85.329345703125
2010-01-14,85.56009674072266
2010-01-15,84.59972381591797
2010-01-19,85.65690612792969
2010-01-20,84.78588104248047
2010-01-21,83.15550231933594
2010-01-22,81.30182647705078
2010-01-25,81.71871185302734
2010-01-26,81.37625885009766
2010-01-27,81.76338958740234
2010-01-28,80.82538604736328
2010-01-29,79.94694519042969
2010-02-01,81.19013977050781
2010-02-02,82.17286682128906
2010-02-03,81.76338958740234
2010-02-04,79.23966979980469
2010-02-05,79.40347290039062
2010-02-08,78.83024597167969
2010-02-09,79.82038116455078
2010-02-10,79.6640396118164
2010-02-11,80.497802734375
2010-02-12,80.43083190917969
2010-02-16,81.69639587402344
2010-02-17,82.08349609375
2010-02-18,82.56742095947266
2010-02-19,82.73863983154297
2010-02-22,82.75353240966797
2010-02-23,81.74848175048828
2010-02-24,82.50041198730469
2010-02-25,82.38872528076172
2010-02-26,82.44082641601562
2010-03-01,83.29696655273438
2010-03-02,83.52776336669922
2010-03-03,83.6021728515625
2010-03-04,83.85528564453125
2010-03-05,85.05389404296875
2010-03-08,85.06876373291016
2010-03-09,85.21018981933594
2010-03-10,85.58988189697266
2010-03-11,85.94721221923828
2010-03-12,85.95465850830078
2010-03-15,85.97700500488281
2010-03-16,86.6618881225586
2010-03-17,87.17555236816406
2010-03-18,87.13089752197266
2010-03-19,86.68988037109375
2010-03-22,87.15331268310547
2010-03-23,87.76628875732422
2010-03-24,87.34017944335938
2010-03-25,87.19818878173828
2010-03-26,87.1458511352539
2010-03-29,87.69900512695312
2010-03-30,87.75880432128906
2010-03-31,87.45983123779297
2010-04-01,88.05783081054688
2010-04-05,88.77544403076172
2010-04-06,88.98474884033203
2010-04-07,88.47642517089844
2010-04-08,88.78291320800781
2010-04-09,89.365966796875
2010-04-12,89.50802612304688
2010-04-13,89.5752944946289
2010-04-14,90.5918960571289
2010-04-15,90.66667175292969
2010-04-16,89.22396850585938
2010-04-19,89.56033325195312
2010-04-20,90.3602066040039
2010-04-21,90.19573211669922
2010-04-22,90.46482849121094
2010-04-23,91.05537414550781
2010-04-26,90.71150970458984
2010-04-27,88.56615447998047
2010-04-28,89.23890686035156
2010-04-29,90.34521484375
2010-04-30,88.81281280517578
2010-05-03,89.9639892578125
2010-05-04,87.84849548339844
2010-05-05,87.32527160644531
2010-05-06,84.42488861083984
2010-05-07,83.16905212402344
2010-05-10,86.83189392089844
2010-05-11,86.58522033691406
2010-05-12,87.79617309570312
2010-05-13,86.70482635498047
2010-05-14,85.13504791259766
2010-05-17,85.1799087524414
2010-05-18,84.02123260498047
2010-05-19,83.54280090332031
2010-05-20,80.38824462890625
2010-05-21,81.5618667602539
2010-05-24,80.51536560058594
2010-05-25,80.59758758544922
2010-05-26,80.11168670654297
2010-05-27,82.79530334472656
2010-05-28,81.75623321533203
2010-06-01,80.38081359863281
2010-06-02,82.47386169433594
2010-06-03,82.7579345703125
2010-06-04,79.85006713867188
2010-06-07,78.85587310791016
2010-06-08,79.7005615234375
2010-06-09,79.27447509765625
2010-06-10,81.591796875
2010-06-11,81.98792266845703
2010-06-14,81.86088562011719
2010-06-15,83.72219848632812
2010-06-16,83.69232177734375
2010-06-17,83.82686614990234
2010-06-18,83.9177474975586
2010-06-21,83.67738342285156
2010-06-22,82.29539489746094
2010-06-23,82.04005432128906
2010-06-24,80.68058776855469
2010-06-25,81.01856994628906
2010-06-28,80.76325225830078
2010-06-29,78.26966094970703
2010-06-30,77.5261001586914
2010-07-01,77.18058013916016
2010-07-02,76.7599868774414
2010-07-06,77.26321411132812
2010-07-07,79.69669342041016
2010-07-08,80.48532104492188
2010-07-09,81.0862045288086
2010-07-12,81.13877868652344
2010-07-13,82.36302185058594
2010-07-14,82.35550689697266
2010-07-15,82.37801361083984
2010-07-16,80.10980224609375
2010-07-19,80.58295440673828
2010-07-20,81.47679138183594
2010-07-21,80.41773986816406
2010-07-22,82.21280670166016
2010-07-23,82.92631530761719
2010-07-26,83.79006958007812
2010-07-27,83.78254699707031
2010-07-28,83.24179077148438
2010-07-29,82.836181640625
2010-07-30,82.82117462158203
2010-08-02,84.69132995605469
2010-08-03,84.2857666015625
2010-08-04,84.84906005859375
2010-08-05,84.75896453857422
2010-08-06,84.41346740722656
2010-08-09,84.8641357421875
2010-08-10,84.40592193603516
2010-08-11,82.09262084960938
2010-08-12,81.58940887451172
2010-08-13,81.34907531738281
2010-08-16,81.3115005493164
2010-08-17,82.3104248046875
2010-08-18,82.4606704711914
2010-08-19,81.02606964111328
2010-08-20,80.76325225830078
2010-08-23,80.45528411865234
2010-08-24,79.2610855102539
2010-08-25,79.56900787353516
2010-08-26,79.03577423095703
2010-08-27,80.25999450683594
2010-08-30,79.09581756591797
2010-08-31,79.09581756591797
2010-09-01,81.46173095703125
2010-09-02,82.22034454345703
2010-09-03,83.2868423461914
2010-09-07,82.34800720214844
2010-09-08,82.92631530761719
2010-09-09,83.30938720703125
2010-09-10,83.72996520996094
2010-09-13,84.66131591796875
2010-09-14,84.60870361328125
2010-09-15,84.93167877197266
2010-09-16,84.90916442871094
2010-09-17,84.94087219238281
2010-09-20,86.23963165283203
2010-09-21,86.06597137451172
2010-09-22,85.64311981201172
2010-09-23,84.94840240478516
2010-09-24,86.70024108886719
2010-09-27,86.28495788574219
2010-09-28,86.58699798583984
2010-09-29,86.43598175048828
2010-09-30,86.17922973632812
2010-10-01,86.54169464111328
2010-10-04,85.89231872558594
2010-10-05,87.62149047851562
2010-10-06,87.61392211914062
2010-10-07,87.50819396972656
2010-10-08,87.99900817871094
2010-10-11,88.08207702636719
2010-10-12,88.35392761230469
2010-10-13,89.04106903076172
2010-10-14,88.69369506835938
2010-10-15,88.87490844726562
2010-10-18,89.31291198730469
2010-10-19,88.14249420166016
2010-10-20,89.00331115722656
2010-10-21,89.19962310791016
2010-10-22,89.36573791503906
2010-10-25,89.63002014160156
2010-10-26,89.64512634277344
2010-10-27,89.38837432861328
2010-10-28,89.40351104736328
2010-10-29,89.47146606445312
2010-11-01,89.50164031982422
2010-11-02,90.21146392822266
2010-11-03,90.57392883300781
2010-11-04,92.31822204589844
2010-11-05,92.66551971435547
2010-11-08,92.49183654785156
2010-11-09,91.82736206054688
2010-11-10,92.19734191894531
2010-11-11,91.85003662109375
2010-11-12,90.76266479492188
2010-11-15,90.63432312011719
2010-11-16,89.22229766845703
2010-11-17,89.26757049560547
2010-11-18,90.58145904541016
2010-11-19,90.83065032958984
2010-11-22,90.75513458251953
2010-11-23,89.44127655029297
2010-11-24,90.76266479492188
2010-11-26,89.70555877685547
2010-11-29,89.97738647460938
2010-11-30,89.47146606445312
2010-12-01,91.37432861328125
2010-12-02,92.54471588134766
2010-12-03,92.79387664794922
2010-12-06,92.69572448730469
2010-12-07,92.74856567382812
2010-12-08,93.08837127685547
2010-12-09,93.45081329345703
2010-12-10,93.99449157714844
2010-12-13,94.05487823486328
2010-12-14,94.13795471191406
2010-12-15,93.70756530761719
2010-12-16,94.25121307373047
2010-12-17,94.3521957397461
2010-12-20,94.57992553710938
2010-12-21,95.17953491210938
2010-12-22,95.47561645507812
2010-12-23,95.33895874023438
2010-12-27,95.37693786621094
2010-12-28,95.5135498046875
2010-12-29,95.58186340332031
2010-12-30,95.43006134033203
2010-12-31,95.45281219482422
2011-01-03,96.43963623046875
2011-01-04,96.386474609375
2011-01-05,96.8874740600586
2011-01-06,96.69771575927734
2011-01-07,96.5079345703125
2011-01-10,96.386474609375
2011-01-11,96.72807312011719
2011-01-12,97.60102081298828
2011-01-13,97.44160461425781
2011-01-14,98.14754486083984
2011-01-18,98.31453704833984
2011-01-19,97.3504867553711
2011-01-20,97.22147369384766
2011-01-21,97.44160461425781
2011-01-24,97.9957046508789
2011-01-25,98.04884338378906
2011-01-26,98.42835998535156
2011-01-27,98.67130279541016
2011-01-28,96.94819641113281
2011-01-31,97.67688751220703
2011-02-01,99.24060821533203
2011-02-02,99.05081939697266
2011-02-03,99.27094268798828
2011-02-04,99.55181884765625
2011-02-07,100.17424011230469
2011-02-08,100.62969970703125
2011-02-09,100.4019546508789
2011-02-10,100.43991088867188
2011-02-11,101.03958129882812
2011-02-14,101.28250122070312
2011-02-15,100.96367645263672
2011-02-16,101.60131072998047
2011-02-17,101.9049072265625
2011-02-18,102.11742401123047
2011-02-22,100.06798553466797
2011-02-23,99.45311737060547
2011-02-24,99.3847885131836
2011-02-25,100.4474868774414
2011-02-28,101.06993103027344
2011-03-01,99.3847885131836
2011-03-02,99.59733581542969
2011-03-03,101.31281280517578
2011-03-04,100.55375671386719
2011-03-07,99.76434326171875
2011-03-08,100.63729858398438
2011-03-09,100.49303436279297
2011-03-10,98.63331604003906
2011-03-11,99.3165054321289
2011-03-14,98.71680450439453
2011-03-15,97.5858154296875
2011-03-16,95.77925872802734
2011-03-17,97.04684448242188
2011-03-18,97.39985656738281
2011-03-21,98.90931701660156
2011-03-22,98.5663070678711
2011-03-23,98.84835815429688
2011-03-24,99.793701171875
2011-03-25,100.0986328125
2011-03-28,99.85466003417969
2011-03-29,100.52552032470703
2011-03-30,101.21932983398438
2011-03-31,101.08206939697266
2011-04-01,101.50900268554688
2011-04-04,101.5928726196289
2011-04-05,101.5776138305664
2011-04-06,101.8978500366211
2011-04-07,101.63862609863281
2011-04-08,101.28793334960938
2011-04-11,100.98295593261719
2011-04-12,100.22823333740234
2011-04-13,100.22062683105469
2011-04-14,100.29682159423828
2011-04-15,100.66279602050781
2011-04-18,99.53446197509766
2011-04-19,100.10623931884766
2011-04-20,101.47090911865234
2011-04-21,101.98929595947266
2011-04-25,101.88255310058594
2011-04-26,102.75929260253906
2011-04-27,103.4301986694336
2011-04-28,103.76561737060547
2011-04-29,104.0095443725586
2011-05-02,103.84945678710938
2011-05-03,103.47589111328125
2011-05-04,102.7897720336914
2011-05-05,101.85970306396484
2011-05-06,102.30950927734375
2011-05-09,102.70592498779297
2011-05-10,103.58260345458984
2011-05-11,102.49246978759766
2011-05-12,102.98037719726562
2011-05-13,102.1875
2011-05-16,101.53943634033203
2011-05-17,101.5242691040039
2011-05-18,102.43144226074219
2011-05-19,102.67538452148438
2011-05-20,101.85970306396484
2011-05-23,100.67803192138672
2011-05-24,100.5941390991211
2011-05-25,100.9295883178711
2011-05-26,101.39466094970703
2011-05-27,101.78347778320312
2011-05-31,102.8431396484375
2011-06-01,100.53316497802734
2011-06-02,100.42643737792969
2011-06-03,99.42774200439453
2011-06-06,98.37567138671875
2011-06-07,98.31470489501953
2011-06-08,97.90299987792969
2011-06-09,98.65013122558594
2011-06-10,97.27786254882812
2011-06-13,97.35411071777344
2011-06-14,98.58912658691406
2011-06-15,96.8357162475586
2011-06-16,97.04916381835938
2011-06-17,97.33876037597656
2011-06-20,97.83675384521484
2011-06-21,99.17752838134766
2011-06-22,98.57991790771484
2011-06-23,98.2964859008789
2011-06-24,97.1548843383789
2011-06-27,98.0206527709961
2011-06-28,99.30008697509766
2011-06-29,100.1505355834961
2011-06-30,101.10820770263672
2011-07-01,102.6021728515625
2011-07-05,102.51792907714844
2011-07-06,102.64046478271484
2011-07-07,103.7054443359375
2011-07-08,102.96993255615234
2011-07-11,101.10820770263672
2011-07-12,100.67149353027344
2011-07-13,101.00860595703125
2011-07-14,100.3114013671875
2011-07-15,100.89370727539062
2011-07-18,100.06625366210938
2011-07-19,101.69047546386719
2011-07-20,101.62914276123047
2011-07-21,103.03890228271484
2011-07-22,103.10784912109375
2011-07-25,102.53325653076172
2011-07-26,102.15017700195312
2011-07-27,100.05858612060547
2011-07-28,99.76742553710938
2011-07-29,99.08558654785156
2011-08-01,98.66419982910156
2011-08-02,96.14358520507812
2011-08-03,96.66456604003906
2011-08-04,92.13665008544922
2011-08-05,91.99874877929688
2011-08-08,86.00747680664062
2011-08-09,90.00675201416016
2011-08-10,86.03045654296875
2011-08-11,89.89183044433594
2011-08-12,90.49710845947266
2011-08-15,92.41246795654297
2011-08-16,91.62332153320312
2011-08-17,91.68461608886719
2011-08-18,87.7313003540039
2011-08-19,86.29862213134766
2011-08-22,86.36758422851562
2011-08-23,89.20996856689453
2011-08-24,90.46644592285156
2011-08-25,89.08740997314453
2011-08-26,90.3821792602539
2011-08-29,92.97940826416016
2011-08-30,93.22459411621094
2011-08-31,93.63827514648438
2011-09-01,92.65763854980469
2011-09-02,90.29022216796875
2011-09-06,89.63131713867188
2011-09-07,92.1596450805664
2011-09-08,91.2019271850586
2011-09-09,88.81158447265625
2011-09-12,89.38616180419922
2011-09-13,90.2059555053711
2011-09-14,91.45478057861328
2011-09-15,93.03301239013672
2011-09-16,93.5836410522461
2011-09-19,92.65180206298828
2011-09-20,92.54399871826172
2011-09-21,89.81784057617188
2011-09-22,86.9145278930664
2011-09-23,87.43818664550781
2011-09-26,89.51747131347656
2011-09-27,90.51862335205078
2011-09-28,88.67034912109375
2011-09-29,89.37117767333984
2011-09-30,87.13787841796875
2011-10-03,84.65811920166016
2011-10-04,86.5140380859375
2011-10-05,88.11588287353516
2011-10-06,89.71000671386719
2011-10-07,89.10931396484375
2011-10-10,92.08963012695312
2011-10-11,92.18205261230469
2011-10-12,92.99067687988281
2011-10-13,92.80581665039062
2011-10-14,94.39228057861328
2011-10-17,92.59020233154297
2011-10-18,94.39994812011719
2011-10-19,93.28331756591797
2011-10-20,93.69146728515625
2011-10-21,95.47042846679688
2011-10-24,96.6409912109375
2011-10-25,94.76192474365234
2011-10-26,95.7245864868164
2011-10-27,99.05915069580078
2011-10-28,99.03605651855469
2011-10-31,96.648681640625
2011-11-01,93.95331573486328
2011-11-02,95.4858169555664
2011-11-03,97.22628021240234
2011-11-04,96.63330078125
2011-11-07,97.23396301269531
2011-11-08,98.48152923583984
2011-11-09,94.8466567993164
2011-11-10,95.73998260498047
2011-11-11,97.54202270507812
2011-11-14,96.6178970336914
2011-11-15,97.09537506103516
2011-11-16,95.55516052246094
2011-11-17,94.03800964355469
2011-11-18,93.93790435791016
2011-11-21,92.15123748779297
2011-11-22,91.78929901123047
2011-11-23,89.763916015625
2011-11-25,89.59449005126953
2011-11-28,92.18973541259766
2011-11-29,92.45159149169922
2011-11-30,96.25593566894531
2011-12-01,96.24053955078125
2011-12-02,96.15583801269531
2011-12-05,97.20317840576172
2011-12-06,97.23396301269531
2011-12-07,97.59591674804688
2011-12-08,95.45503234863281
2011-12-09,97.07225036621094
2011-12-12,95.6552734375
2011-12-13,94.76192474365234
2011-12-14,93.75308990478516
2011-12-15,94.0919189453125
2011-12-16,94.2314224243164
2011-12-19,93.22395324707031
2011-12-20,96.04491424560547
2011-12-21,96.23091888427734
2011-12-22,97.08341217041016
2011-12-23,97.95140838623047
2011-12-27,98.02888488769531
2011-12-28,96.7424087524414
2011-12-29,97.74214935302734
2011-12-30,97.26165771484375
2012-01-03,98.81163024902344
2012-01-04,98.9666519165039
2012-01-05,99.23013305664062
2012-01-06,98.97440338134766
2012-01-09,99.21466064453125
2012-01-10,100.07489013671875
2012-01-11,100.12914276123047
2012-01-12,100.36937713623047
2012-01-13,99.85014343261719
2012-01-17,100.23762512207031
2012-01-18,101.34587860107422
2012-01-19,101.88063049316406
2012-01-20,102.26034545898438
2012-01-23,101.99687194824219
2012-01-24,101.88063049316406
2012-01-25,102.73310089111328
2012-01-26,102.20611572265625
2012-01-27,102.15960693359375
2012-01-30,101.81086730957031
2012-01-31,101.77210998535156
2012-02-01,102.66333770751953
2012-02-02,102.82609558105469
2012-02-03,104.2676010131836
2012-02-06,104.19784545898438
2012-02-07,104.46131896972656
2012-02-08,104.77132415771484
2012-02-09,104.903076171875
2012-02-10,104.12810516357422
2012-02-13,104.903076171875
2012-02-14,104.77132415771484
2012-02-15,104.2830810546875
2012-02-16,105.43782806396484
2012-02-17,105.71683502197266
2012-02-21,105.76329803466797
2012-02-22,105.42230224609375
2012-02-23,105.88733673095703
2012-02-24,106.11985778808594
2012-02-27,106.2980728149414
2012-02-28,106.6080551147461
2012-02-29,106.18960571289062
2012-03-01,106.73980712890625
2012-03-02,106.41427612304688
2012-03-05,105.98031616210938
2012-03-06,104.43034362792969
2012-03-07,105.15882873535156
2012-03-08,106.20509338378906
2012-03-09,106.6158218383789
2012-03-12,106.62357330322266
2012-03-13,108.54554748535156
2012-03-14,108.42930603027344
2012-03-15,109.05705261230469
2012-03-16,109.20806884765625
2012-03-19,109.63617706298828
2012-03-20,109.31703186035156
2012-03-21,109.13799285888672
2012-03-22,108.35181427001953
2012-03-23,108.70211029052734
2012-03-26,110.22781372070312
2012-03-27,109.88526153564453
2012-03-28,109.34037780761719
2012-03-29,109.153564453125
2012-03-30,109.60504150390625
2012-04-02,110.40679168701172
2012-04-03,109.95532989501953
2012-04-04,108.86559295654297
2012-04-05,108.81105041503906
2012-04-09,107.58899688720703
2012-04-10,105.78313446044922
2012-04-11,106.639404296875
2012-04-12,108.03270721435547
2012-04-13,106.74835968017578
2012-04-16,106.67830657958984
2012-04-17,108.25841522216797
2012-04-18,107.892578125
2012-04-19,107.1998062133789
2012-04-20,107.3788070678711
2012-04-23,106.47591400146484
2012-04-24,106.88065338134766
2012-04-25,108.34404754638672
2012-04-26,109.09909057617188
2012-04-27,109.27811431884766
2012-04-30,108.87334442138672
2012-05-01,109.55052185058594
2012-05-02,109.22359466552734
2012-05-03,108.39075469970703
2012-05-04,106.639404296875
2012-05-07,106.71720886230469
2012-05-08,106.28910827636719
2012-05-09,105.65859985351562
2012-05-10,105.87657165527344
2012-05-11,105.55741119384766
2012-05-14,104.38981628417969
2012-05-15,103.79045104980469
2012-05-16,103.39351654052734
2012-05-17,101.86007690429688
2012-05-18,100.9882583618164
2012-05-21,102.72408294677734
2012-05-22,102.90310668945312
2012-05-23,102.95758819580078
2012-05-24,103.15996551513672
2012-05-25,102.82527923583984
2012-05-29,104.07067108154297
2012-05-30,102.56063842773438
2012-05-31,102.33486938476562
2012-06-01,99.7583999633789
2012-06-04,99.71170043945312
2012-06-05,100.46675109863281
2012-06-06,102.72408294677734
2012-06-07,102.78636169433594
2012-06-08,103.60368347167969
2012-06-11,102.28819274902344
2012-06-12,103.46351623535156
2012-06-13,102.80191040039062
2012-06-14,103.89164733886719
2012-06-15,104.9542007446289
2012-06-18,105.15762329101562
2012-06-19,106.17477416992188
2012-06-20,106.00263214111328
2012-06-21,103.62406921386719
2012-06-22,104.42211151123047
2012-06-25,102.74775695800781
2012-06-26,103.26412200927734
2012-06-27,104.19522857666016
2012-06-28,103.8979263305664
2012-06-29,106.48773956298828
2012-07-02,106.80852508544922
2012-07-03,107.51271057128906
2012-07-05,107.02759552001953
2012-07-06,106.01046752929688
2012-07-09,105.87744903564453
2012-07-10,104.9542007446289
2012-07-11,104.96984100341797
2012-07-12,104.46125030517578
2012-07-13,106.2138671875
2012-07-16,105.96351623535156
2012-07-17,106.69115447998047
2012-07-18,107.48140716552734
2012-07-19,107.7630844116211
2012-07-20,106.77723693847656
2012-07-23,105.69750213623047
2012-07-24,104.78987884521484
2012-07-25,104.81336212158203
2012-07-26,106.5425033569336
2012-07-27,108.5063705444336
2012-07-30,108.5063705444336
2012-07-31,107.74747467041016
2012-08-01,107.6535415649414
2012-08-02,106.9102554321289
2012-08-03,109.03063201904297
2012-08-06,109.24188232421875
2012-08-07,109.78956604003906
2012-08-08,109.92256164550781
2012-08-09,110.01644897460938
2012-08-10,110.19641876220703
2012-08-13,110.14166259765625
2012-08-14,110.15730285644531
2012-08-15,110.28247833251953
2012-08-16,111.09620666503906
2012-08-17,111.24486541748047
2012-08-20,111.252685546875
2012-08-21,110.91625213623047
2012-08-22,110.96319580078125
2012-08-23,110.05558013916016
2012-08-24,110.72065734863281
2012-08-27,110.74412536621094
2012-08-28,110.63452911376953
2012-08-29,110.72065734863281
2012-08-30,109.92256164550781
2012-08-31,110.4468002319336
2012-09-04,110.3450698852539
2012-09-05,110.25118255615234
2012-09-06,112.48890686035156
2012-09-07,112.92708587646484
2012-09-10,112.28550720214844
2012-09-11,112.59848022460938
2012-09-12,112.9740219116211
2012-09-13,114.69535064697266
2012-09-14,115.20393371582031
2012-09-17,114.81273651123047
2012-09-18,114.7188491821289
2012-09-19,114.78146362304688
2012-09-20,114.78926086425781
2012-09-21,114.74129486083984
2012-09-24,114.56820678710938
2012-09-25,113.34902954101562
2012-09-26,112.71184539794922
2012-09-27,113.77372741699219
2012-09-28,113.2467269897461
2012-10-01,113.5456314086914
2012-10-02,113.66362762451172
2012-10-03,114.12770080566406
2012-10-04,114.94573974609375
2012-10-05,114.9536361694336
2012-10-08,114.56033325195312
2012-10-09,113.42765808105469
2012-10-10,112.70401763916016
2012-10-11,112.76693725585938
2012-10-12,112.39717102050781
2012-10-15,113.33323669433594
2012-10-16,114.48170471191406
2012-10-17,115.0008544921875
2012-10-18,114.70195007324219
2012-10-19,112.79049682617188
2012-10-22,112.80623626708984
2012-10-23,111.24090576171875
2012-10-24,110.92630004882812
2012-10-25,111.24874877929688
2012-10-26,111.18583679199219
2012-10-31,111.18583679199219
2012-11-01,112.3499984741211
2012-11-02,111.35105895996094
2012-11-05,111.57916259765625
2012-11-06,112.45227813720703
2012-11-07,109.9036865234375
2012-11-08,108.5821762084961
2012-11-09,108.67658996582031
2012-11-12,108.76313018798828
2012-11-13,108.3855209350586
2012-11-14,106.92245483398438
2012-11-15,106.74156188964844
2012-11-16,107.26856231689453
2012-11-19,109.43956756591797
2012-11-20,109.4867935180664
2012-11-21,109.6912841796875
2012-11-23,111.18583679199219
2012-11-26,110.94987487792969
2012-11-27,110.38349914550781
2012-11-28,111.27236938476562
2012-11-29,111.79151916503906
2012-11-30,111.81512451171875
2012-12-03,111.26449584960938
2012-12-04,111.10719299316406
2012-12-05,111.3038330078125
2012-12-06,111.68138122558594
2012-12-07,112.01964569091797
2012-12-10,112.06684112548828
2012-12-11,112.82981872558594
2012-12-12,112.8849105834961
2012-12-13,112.19268798828125
2012-12-14,111.77574157714844
2012-12-17,113.08941650390625
2012-12-18,114.34797668457031
2012-12-19,113.49845886230469
2012-12-20,114.15130615234375
2012-12-21,113.1151123046875
2012-12-24,112.76660919189453
2012-12-26,112.29129028320312
2012-12-27,112.14082336425781
2012-12-28,110.92874145507812
2012-12-31,112.81412506103516
2013-01-02,115.70555877685547
2013-01-03,115.44416046142578
2013-01-04,115.9511489868164
2013-01-07,115.6342544555664
2013-01-08,115.3016128540039
2013-01-09,115.59463500976562
2013-01-10,116.51358795166016
2013-01-11,116.50569152832031
2013-01-14,116.42642974853516
2013-01-15,116.50569152832031
2013-01-16,116.48980712890625
2013-01-17,117.24239349365234
2013-01-18,117.50379180908203
2013-01-22,118.13754272460938
2013-01-23,118.32768249511719
2013-01-24,118.3593978881836
2013-01-25,119.02477264404297
2013-01-28,118.88221740722656
2013-01-29,119.34960174560547
2013-01-30,118.88221740722656
2013-01-31,118.58910369873047
2013-02-01,119.80905151367188
2013-02-04,118.46238708496094
2013-02-05,119.65852355957031
2013-02-06,119.74568176269531
2013-02-07,119.58721923828125
2013-02-08,120.25270080566406
2013-02-11,120.22891235351562
2013-02-12,120.42693328857422
2013-02-13,120.52995300292969
2013-02-14,120.64085388183594
2013-02-15,120.49826049804688
2013-02-19,121.40135955810547
2013-02-20,119.8882827758789
2013-02-21,119.15951538085938
2013-02-22,120.32398223876953
2013-02-25,118.03455352783203
2013-02-26,118.84259033203125
2013-02-27,120.3398208618164
2013-02-28,120.10215759277344
2013-03-01,120.49826049804688
2013-03-04,121.13988494873047
2013-03-05,122.22522735595703
2013-03-06,122.39159393310547
2013-03-07,122.61336517333984
2013-03-08,123.13617706298828
2013-03-11,123.60358428955078
2013-03-12,123.32633972167969
2013-03-13,123.5006103515625
2013-03-14,124.15814971923828
2013-03-15,123.99421691894531
2013-03-18,123.30989837646484
2013-03-19,123.02340698242188
2013-03-20,123.8827896118164
2013-03-21,122.82453155517578
2013-03-22,123.81114959716797
2013-03-25,123.2939682006836
2013-03-26,124.28060913085938
2013-03-27,124.28060913085938
2013-03-28,124.66255950927734
2013-04-01,124.16925811767578
2013-04-02,124.78196716308594
2013-04-03,123.51671600341797
2013-04-04,124.01801300048828
2013-04-05,123.46106719970703
2013-04-08,124.29655456542969
2013-04-09,124.72624969482422
2013-04-10,126.2540054321289
2013-04-11,126.66779327392578
2013-04-12,126.35739135742188
2013-04-15,123.4292221069336
2013-04-16,125.2514419555664
2013-04-17,123.42125701904297
2013-04-18,122.64949035644531
2013-04-19,123.71575164794922
2013-04-22,124.2647705078125
2013-04-23,125.54585266113281
2013-04-24,125.62535095214844
2013-04-25,126.13462829589844
2013-04-26,125.9118423461914
2013-04-29,126.75529479980469
2013-04-30,127.0576400756836
2013-05-01,125.9436264038086
2013-05-02,127.1133041381836
2013-05-03,128.40237426757812
2013-05-06,128.7285919189453
2013-05-07,129.38108825683594
2013-05-08,129.9698944091797
2013-05-09,129.60389709472656
2013-05-10,130.02561950683594
2013-05-13,130.12905883789062
2013-05-14,131.4738311767578
2013-05-15,132.18197631835938
2013-05-16,131.5613250732422
2013-05-17,132.83444213867188
2013-05-20,132.826416015625
2013-05-21,133.0174560546875
2013-05-22,132.03079223632812
2013-05-23,131.6488800048828
2013-05-24,131.53746032714844
2013-05-28,132.3251495361328
2013-05-29,131.46580505371094
2013-05-30,131.9512481689453
2013-05-31,130.0574188232422
2013-06-03,130.77357482910156
2013-06-04,130.14492797851562
2013-06-05,128.32281494140625
2013-06-06,129.48451232910156
2013-06-07,131.13162231445312
2013-06-10,131.13162231445312
2013-06-11,129.77890014648438
2013-06-12,128.70472717285156
2013-06-13,130.66217041015625
2013-06-14,129.84263610839844
2013-06-17,130.84519958496094
2013-06-18,131.87962341308594
2013-06-19,130.0574188232422
2013-06-20,126.83486938476562
2013-06-21,127.24198150634766
2013-06-24,125.63418579101562
2013-06-25,126.84209442138672
2013-06-26,128.0979461669922
2013-06-27,128.84983825683594
2013-06-28,128.32191467285156
2013-07-01,129.07386779785156
2013-07-02,128.95379638671875
2013-07-03,129.0098114013672
2013-07-05,130.40167236328125
2013-07-08,131.1456298828125
2013-07-09,132.0894317626953
2013-07-10,132.1374969482422
2013-07-11,133.93722534179688
2013-07-12,133.9933319091797
2013-07-15,134.50523376464844
2013-07-16,134.00125122070312
2013-07-17,134.34519958496094
2013-07-18,135.0811309814453
2013-07-19,135.32110595703125
2013-07-22,135.58509826660156
2013-07-23,135.2971954345703
2013-07-24,134.8011474609375
2013-07-25,135.129150390625
2013-07-26,135.27304077148438
2013-07-29,134.8572235107422
2013-07-30,134.8572235107422
2013-07-31,134.9531707763672
2013-08-01,136.5129852294922
2013-08-02,136.74502563476562
2013-08-05,136.54495239257812
2013-08-06,135.76902770996094
2013-08-07,135.32911682128906
2013-08-08,135.82508850097656
2013-08-09,135.43313598632812
2013-08-12,135.27304077148438
2013-08-13,135.67308044433594
2013-08-14,134.97714233398438
2013-08-15,133.08934020996094
2013-08-16,132.64942932128906
2013-08-19,131.80154418945312
2013-08-20,132.44943237304688
2013-08-21,131.63352966308594
2013-08-22,132.8334197998047
2013-08-23,133.28135681152344
2013-08-26,132.78541564941406
2013-08-27,130.64964294433594
2013-08-28,131.11363220214844
2013-08-29,131.32154846191406
2013-08-30,130.90560913085938
2013-09-03,131.49754333496094
2013-09-04,132.58544921875
2013-09-05,132.75343322753906
2013-09-06,132.81739807128906
2013-09-09,134.08929443359375
2013-09-10,135.0811309814453
2013-09-11,135.5050811767578
2013-09-12,135.1450958251953
2013-09-13,135.4490966796875
2013-09-16,136.23309326171875
2013-09-17,136.84097290039062
2013-09-18,138.42481994628906
2013-09-19,138.1928253173828
2013-09-20,137.22666931152344
2013-09-23,136.59165954589844
2013-09-24,136.2701416015625
2013-09-25,135.87625122070312
2013-09-26,136.39866638183594
2013-09-27,135.77174377441406
2013-09-30,135.0482635498047
2013-10-01,136.11732482910156
2013-10-02,135.98873901367188
2013-10-03,134.7347869873047
2013-10-04,135.7556915283203
2013-10-07,134.58203125
2013-10-08,133.01463317871094
2013-10-09,133.1111297607422
2013-10-10,135.98069763183594
2013-10-11,136.8568878173828
2013-10-14,137.40347290039062
2013-10-15,136.40676879882812
2013-10-16,138.31185913085938
2013-10-17,139.2361602783203
2013-10-18,140.17660522460938
2013-10-21,140.1846160888672
2013-10-22,140.9965057373047
2013-10-23,140.3212890625
2013-10-24,140.78750610351562
2013-10-25,141.43051147460938
2013-10-28,141.6556854248047
2013-10-29,142.41123962402344
2013-10-30,141.703857421875
2013-10-31,141.30186462402344
2013-11-01,141.63961791992188
2013-11-04,142.13795471191406
2013-11-05,141.6878204345703
2013-11-06,142.41123962402344
2013-11-07,140.61068725585938
2013-11-08,142.5076904296875
2013-11-11,142.53182983398438
2013-11-12,142.242431640625
2013-11-13,143.3838348388672
2013-11-14,144.09921264648438
2013-11-15,144.72616577148438
2013-11-18,144.2198028564453
2013-11-19,143.90631103515625
2013-11-20,143.45616149902344
2013-11-21,144.6136016845703
2013-11-22,145.3371124267578
2013-11-25,145.1923828125
2013-11-26,145.2325897216797
2013-11-27,145.5862274169922
2013-11-29,145.48980712890625
2013-12-02,145.1120147705078
2013-12-03,144.48504638671875
2013-12-04,144.46897888183594
2013-12-05,143.8339385986328
2013-12-06,145.44155883789062
2013-12-09,145.8113250732422
2013-12-10,145.2888946533203
2013-12-11,143.65708923339844
2013-12-12,143.18292236328125
2013-12-13,143.16680908203125
2013-12-16,144.0590362548828
2013-12-17,143.60086059570312
2013-12-18,146.05247497558594
2013-12-19,145.88369750976562
2013-12-20,146.73223876953125
2013-12-23,147.51614379882812
2013-12-24,147.83946228027344
2013-12-26,148.5911102294922
2013-12-27,148.5829315185547
2013-12-30,148.55873107910156
2013-12-31,149.26185607910156
2014-01-02,147.83139038085938
2014-01-03,147.8071746826172
2014-01-06,147.37881469726562
2014-01-07,148.28392028808594
2014-01-08,148.3162841796875
2014-01-09,148.41329956054688
2014-01-10,148.8173370361328
2014-01-13,146.8373260498047
2014-01-14,148.43751525878906
2014-01-15,149.2376251220703
2014-01-16,149.04360961914062
2014-01-17,148.41329956054688
2014-01-21,148.84963989257812
2014-01-22,148.94667053222656
2014-01-23,147.72630310058594
2014-01-24,144.5744171142578
2014-01-27,143.86325073242188
2014-01-28,144.7198944091797
2014-01-29,143.329833984375
2014-01-30,144.8491668701172
2014-01-31,144.00067138671875
2014-02-03,140.75987243652344
2014-02-04,141.745849609375
2014-02-05,141.56802368164062
2014-02-06,143.43492126464844
2014-02-07,145.21292114257812
2014-02-10,145.4796142578125
2014-02-11,147.0717315673828
2014-02-12,147.1444091796875
2014-02-13,147.90414428710938
2014-02-14,148.72035217285156
2014-02-18,148.8981475830078
2014-02-19,147.91220092773438
2014-02-20,148.78501892089844
2014-02-21,148.61529541015625
2014-02-24,149.4396209716797
2014-02-25,149.38308715820312
2014-02-26,149.39117431640625
2014-02-27,150.17507934570312
2014-02-28,150.5549774169922
2014-03-03,149.4962615966797
2014-03-04,151.59747314453125
2014-03-05,151.73484802246094
2014-03-06,152.0823516845703
2014-03-07,152.1470489501953
2014-03-10,152.06619262695312
2014-03-11,151.31460571289062
2014-03-12,151.35504150390625
2014-03-13,149.6578826904297
2014-03-14,149.2376251220703
2014-03-17,150.5872802734375
2014-03-18,151.66213989257812
2014-03-19,150.85397338867188
2014-03-20,151.73484802246094
2014-03-21,151.14633178710938
2014-03-24,150.52127075195312
2014-03-25,151.23565673828125
2014-03-26,150.1479034423828
2014-03-27,149.83132934570312
2014-03-28,150.56996154785156
2014-03-31,151.80386352539062
2014-04-01,152.81045532226562
2014-04-02,153.32183837890625
2014-04-03,153.11886596679688
2014-04-04,151.3086700439453
2014-04-07,149.6365203857422
2014-04-08,150.25344848632812
2014-04-09,151.86878967285156
2014-04-10,148.67860412597656
2014-04-11,147.33926391601562
2014-04-14,148.5001220703125
2014-04-15,149.52284240722656
2014-04-16,151.08953857421875
2014-04-17,151.30056762695312
2014-04-21,151.8281707763672
2014-04-22,152.51821899414062
2014-04-23,152.16104125976562
2014-04-24,152.46946716308594
2014-04-25,151.21945190429688
2014-04-28,151.69833374023438
2014-04-29,152.40452575683594
2014-04-30,152.85914611816406
2014-05-01,152.87530517578125
2014-05-02,152.65623474121094
2014-05-05,152.9484405517578
2014-05-06,151.61715698242188
2014-05-07,152.51007080078125
2014-05-08,152.34768676757812
2014-05-09,152.57498168945312
2014-05-12,154.06045532226562
2014-05-13,154.198486328125
2014-05-14,153.46792602539062
2014-05-15,152.1204071044922
2014-05-16,152.6480255126953
2014-05-19,153.20819091796875
2014-05-20,152.2421875
2014-05-21,153.52474975585938
2014-05-22,153.89813232421875
2014-05-23,154.5150909423828
2014-05-27,155.46485900878906
2014-05-28,155.35116577148438
2014-05-29,156.15480041503906
2014-05-30,156.40647888183594
2014-06-02,156.58506774902344
2014-06-03,156.5038604736328
2014-06-04,156.82044982910156
2014-06-05,157.84324645996094
2014-06-06,158.59815979003906
2014-06-09,158.76048278808594
2014-06-10,158.7767333984375
2014-06-11,158.22476196289062
2014-06-12,157.1045684814453
2014-06-13,157.58346557617188
2014-06-16,157.71336364746094
2014-06-17,158.15164184570312
2014-06-18,159.3124237060547
2014-06-19,159.4910888671875
2014-06-20,159.8148651123047
2014-06-23,159.76597595214844
2014-06-24,158.803466796875
2014-06-25,159.52120971679688
2014-06-26,159.40704345703125
2014-06-27,159.71701049804688
2014-06-30,159.6354522705078
2014-07-01,160.70387268066406
2014-07-02,160.8669891357422
2014-07-03,161.65818786621094
2014-07-07,161.09539794921875
2014-07-08,160.0595703125
2014-07-09,160.7772674560547
2014-07-10,160.14117431640625
2014-07-11,160.36134338378906
2014-07-14,161.1687774658203
2014-07-15,160.8669891357422
2014-07-16,161.46246337890625
2014-07-17,159.62725830078125
2014-07-18,161.25856018066406
2014-07-21,160.9567413330078
2014-07-22,161.65818786621094
2014-07-23,162.01707458496094
2014-07-24,162.02520751953125
2014-07-25,161.26669311523438
2014-07-28,161.33197021484375
2014-07-29,160.63861083984375
2014-07-30,160.66310119628906
2014-07-31,157.4903564453125
2014-08-01,157.00906372070312
2014-08-04,158.14280700683594
2014-08-05,156.60943603515625
2014-08-06,156.65835571289062
2014-08-07,155.81008911132812
2014-08-08,157.6126251220703
2014-08-11,158.0693817138672
2014-08-12,157.8491973876953
2014-08-13,158.91769409179688
2014-08-14,159.6680908203125
2014-08-15,159.6354522705078
2014-08-18,160.97305297851562
2014-08-19,161.8131561279297
2014-08-20,162.2454071044922
2014-08-21,162.7184600830078
2014-08-22,162.4656524658203
2014-08-25,163.28939819335938
2014-08-26,163.39544677734375
2014-08-27,163.33023071289062
2014-08-28,163.24049377441406
2014-08-29,163.70542907714844
2014-09-02,163.6238555908203
2014-09-03,163.5341796875
2014-09-04,163.297607421875
2014-09-05,164.03164672851562
2014-09-08,163.60752868652344
2014-09-09,162.57168579101562
2014-09-10,163.18338012695312
2014-09-11,163.3710174560547
2014-09-12,162.416748046875
2014-09-15,162.2943878173828
2014-09-16,163.51783752441406
2014-09-17,163.738037109375
2014-09-18,164.61074829101562
2014-09-19,164.46243286132812
2014-09-22,163.19232177734375
2014-09-23,162.2581329345703
2014-09-24,163.52825927734375
2014-09-25,160.88966369628906
2014-09-26,162.16802978515625
2014-09-29,161.87294006347656
2014-09-30,161.44688415527344
2014-10-01,159.25901794433594
2014-10-02,159.28353881835938
2014-10-03,161.0371856689453
2014-10-06,160.84866333007812
2014-10-07,158.3657989501953
2014-10-08,161.13555908203125
2014-10-09,157.93972778320312
2014-10-10,156.13697814941406
2014-10-13,153.57205200195312
2014-10-14,153.8096923828125
2014-10-15,152.76895141601562
2014-10-16,152.6378936767578
2014-10-17,154.44068908691406
2014-10-20,155.94021606445312
2014-10-21,159.02951049804688
2014-10-22,157.89869689941406
2014-10-23,159.7342987060547
2014-10-24,160.96339416503906
2014-10-27,160.7421417236328
2014-10-28,162.5859375
2014-10-29,162.3400421142578
2014-10-30,163.38084411621094
2014-10-31,165.2490997314453
2014-11-03,165.3393096923828
2014-11-04,164.7656707763672
2014-11-05,165.80636596679688
2014-11-06,166.4700927734375
2014-11-07,166.62571716308594
2014-11-10,167.15017700195312
2014-11-11,167.31410217285156
2014-11-12,167.13380432128906
2014-11-13,167.3223419189453
2014-11-14,167.36331176757812
2014-11-17,167.4698028564453
2014-11-18,168.436767578125
2014-11-19,168.16635131835938
2014-11-20,168.4613800048828
2014-11-21,169.36273193359375
2014-11-24,169.83807373046875
2014-11-25,169.715087890625
2014-11-26,170.14942932128906
2014-11-28,169.78884887695312
2014-12-01,168.60888671875
2014-12-02,169.69869995117188
2014-12-03,170.35418701171875
2014-12-04,170.165771484375
2014-12-05,170.44439697265625
2014-12-08,169.30535888671875
2014-12-09,169.1906280517578
2014-12-10,166.47828674316406
2014-12-11,167.3223419189453
2014-12-12,164.61814880371094
2014-12-15,163.48724365234375
2014-12-16,162.1762237548828
2014-12-17,165.35562133789062
2014-12-18,169.4447021484375
2014-12-19,170.1656494140625
2014-12-22,170.9484405517578
2014-12-23,171.1791229248047
2014-12-24,171.19558715820312
2014-12-26,171.74766540527344
2014-12-29,171.97842407226562
2014-12-30,171.0555419921875
2014-12-31,169.35812377929688
2015-01-02,169.26748657226562
2015-01-05,166.21066284179688
2015-01-06,164.6450958251953
2015-01-07,166.69677734375
2015-01-08,169.65476989746094
2015-01-09,168.29519653320312
2015-01-12,166.97694396972656
2015-01-13,166.50723266601562
2015-01-14,165.50196838378906
2015-01-15,163.98593139648438
2015-01-16,166.13644409179688
2015-01-20,166.49072265625
2015-01-21,167.3311767578125
2015-01-22,169.81956481933594
2015-01-23,168.88853454589844
2015-01-26,169.2839813232422
2015-01-27,167.05104064941406
2015-01-28,164.90875244140625
2015-01-29,166.4330596923828
2015-01-30,164.34019470214844
2015-02-02,166.37542724609375
2015-02-03,168.7813720703125
2015-02-04,168.13865661621094
2015-02-05,169.83604431152344
2015-02-06,169.3664093017578
2015-02-09,168.60838317871094
2015-02-10,170.4045867919922
2015-02-11,170.50352478027344
2015-02-12,172.1431884765625
2015-02-13,172.8518524169922
2015-02-17,173.12374877929688
2015-02-18,173.14013671875
2015-02-19,173.01654052734375
2015-02-20,174.05477905273438
2015-02-23,174.0301055908203
2015-02-24,174.52444458007812
2015-02-25,174.37612915039062
2015-02-26,174.17010498046875
2015-02-27,173.57687377929688
2015-03-02,174.67274475097656
2015-03-03,173.95591735839844
2015-03-04,173.2225799560547
2015-03-05,173.41209411621094
2015-03-06,170.97308349609375
2015-03-09,171.6817626953125
2015-03-10,168.89669799804688
2015-03-11,168.501220703125
2015-03-12,170.64353942871094
2015-03-13,169.5971221923828
2015-03-16,171.86297607421875
2015-03-17,171.3521728515625
2015-03-18,173.41209411621094
2015-03-19,172.6210479736328
2015-03-20,174.1447296142578
2015-03-23,173.80548095703125
2015-03-24,172.8287811279297
2015-03-25,170.2962188720703
2015-03-26,169.8906707763672
2015-03-27,170.2796630859375
2015-03-30,172.3570556640625
2015-03-31,170.8507537841797
2015-04-01,170.24649047851562
2015-04-02,170.85903930664062
2015-04-06,172.00942993164062
2015-04-07,171.55419921875
2015-04-08,172.1336212158203
2015-04-09,172.89508056640625
2015-04-10,173.83851623535156
2015-04-13,173.05227661132812
2015-04-14,173.38333129882812
2015-04-15,174.16127014160156
2015-04-16,174.11160278320312
2015-04-17,172.10874938964844
2015-04-20,173.68130493164062
2015-04-21,173.47434997558594
2015-04-22,174.32687377929688
2015-04-23,174.7655029296875
2015-04-24,175.1710205078125
2015-04-27,174.44273376464844
2015-04-28,174.9972381591797
2015-04-29,174.27719116210938
2015-04-30,172.53086853027344
2015-05-01,174.40130615234375
2015-05-04,174.89793395996094
2015-05-05,172.89508056640625
2015-05-06,172.1832275390625
2015-05-07,172.8701934814453
2015-05-08,175.14622497558594
2015-05-11,174.310302734375
2015-05-12,173.78884887695312
2015-05-13,173.8219757080078
2015-05-14,175.634521484375
2015-05-15,175.82489013671875
2015-05-18,176.37112426757812
2015-05-19,176.3131561279297
2015-05-20,176.18902587890625
2015-05-21,176.7021942138672
2015-05-22,176.2800750732422
2015-05-26,174.3848114013672
2015-05-27,176.04006958007812
2015-05-28,175.8414306640625
2015-05-29,174.7489471435547
2015-06-01,175.10482788085938
2015-06-02,174.93106079101562
2015-06-03,175.39450073242188
2015-06-04,173.91302490234375
2015-06-05,173.61509704589844
2015-06-08,172.54742431640625
2015-06-09,172.5225830078125
2015-06-10,174.5917205810547
2015-06-11,175.15447998046875
2015-06-12,173.81369018554688
2015-06-15,173.0688934326172
2015-06-16,174.0123291015625
2015-06-17,174.2937469482422
2015-06-18,176.10629272460938
2015-06-19,175.3245391845703
2015-06-22,176.22274780273438
2015-06-23,176.3474578857422
2015-06-24,175.0666961669922
2015-06-25,174.53448486328125
2015-06-26,174.50119018554688
2015-06-29,170.84182739257812
2015-06-30,171.19943237304688
2015-07-01,172.5717010498047
2015-07-02,172.4136962890625
2015-07-06,171.92298889160156
2015-07-07,173.00416564941406
2015-07-08,170.10157775878906
2015-07-09,170.4093017578125
2015-07-10,172.55506896972656
2015-07-13,174.4595947265625
2015-07-14,175.21636962890625
2015-07-15,175.1581573486328
2015-07-16,176.56369018554688
2015-07-17,176.71339416503906
2015-07-20,176.8048553466797
2015-07-21,176.10629272460938
2015-07-22,175.7902374267578
2015-07-23,174.80059814453125
2015-07-24,172.98753356933594
2015-07-27,171.981201171875
2015-07-28,174.0936737060547
2015-07-29,175.29124450683594
2015-07-30,175.3328399658203
2015-07-31,175.0666961669922
2015-08-03,174.4761962890625
2015-08-04,174.13525390625
2015-08-05,174.7091064453125
2015-08-06,173.27859497070312
2015-08-07,172.94595336914062
2015-08-10,175.1249237060547
2015-08-11,173.5447540283203
2015-08-12,173.7526397705078
2015-08-13,173.5364532470703
2015-08-14,174.16847229003906
2015-08-17,175.14154052734375
2015-08-18,174.6342010498047
2015-08-19,173.25363159179688
2015-08-20,169.6358642578125
2015-08-21,164.52943420410156
2015-08-24,157.6016082763672
2015-08-25,155.74697875976562
2015-08-26,161.7266845703125
2015-08-27,165.72705078125
2015-08-28,165.7353515625
2015-08-31,164.39637756347656
2015-09-01,159.48951721191406
2015-09-02,162.5167999267578
2015-09-03,162.6331787109375
2015-09-04,160.1714324951172
2015-09-08,164.19676208496094
2015-09-09,162.00112915039062
2015-09-10,162.88272094726562
2015-09-11,163.62294006347656
2015-09-14,163.0157470703125
2015-09-15,165.05340576171875
2015-09-16,166.48385620117188
2015-09-17,166.10960388183594
2015-09-18,163.3950958251953
2015-09-21,164.2394256591797
2015-09-22,162.10768127441406
2015-09-23,161.84854125976562
2015-09-24,161.26336669921875
2015-09-25,161.22154235839844
2015-09-28,157.1753387451172
2015-09-29,157.2672882080078
2015-09-30,160.20166015625
2015-10-01,160.61959838867188
2015-10-02,163.01889038085938
2015-10-05,165.9197998046875
2015-10-06,165.3513641357422
2015-10-07,166.70565795898438
2015-10-08,168.21043395996094
2015-10-09,168.31077575683594
2015-10-12,168.46957397460938
2015-10-13,167.40792846679688
2015-10-14,166.6053466796875
2015-10-15,169.16348266601562
2015-10-16,169.93263244628906
2015-10-19,170.01620483398438
2015-10-20,169.7988739013672
2015-10-21,168.74551391601562
2015-10-22,171.59622192382812
2015-10-23,173.47720336914062
2015-10-26,173.05088806152344
2015-10-27,172.71641540527344
2015-10-28,174.68104553222656
2015-10-29,174.58074951171875
2015-10-30,173.82830810546875
2015-11-02,175.88490295410156
2015-11-03,176.3948516845703
2015-11-04,175.85980224609375
2015-11-05,175.6842498779297
2015-11-06,175.59222412109375
2015-11-09,173.95370483398438
2015-11-10,174.35501098632812
2015-11-11,173.6694793701172
2015-11-12,171.24510192871094
2015-11-13,169.3223114013672
2015-11-16,171.89718627929688
2015-11-17,171.77182006835938
2015-11-18,174.4971160888672
2015-11-19,174.3466339111328
2015-11-20,174.98204040527344
2015-11-23,174.78135681152344
2015-11-24,175.01548767089844
2015-11-25,174.9904022216797
2015-11-27,175.19100952148438
2015-11-30,174.46371459960938
2015-12-01,176.12730407714844
2015-12-02,174.3299102783203
2015-12-03,171.88880920410156
2015-12-04,175.24114990234375
2015-12-07,174.17945861816406
2015-12-08,173.00909423828125
2015-12-09,171.6631317138672
2015-12-10,172.106201171875
2015-12-11,168.77059936523438
2015-12-14,169.623291015625
2015-12-15,171.40396118164062
2015-12-16,173.9119415283203
2015-12-17,171.2617950439453
2015-12-18,168.2107696533203
2015-12-21,169.59837341308594
2015-12-22,171.1373748779297
2015-12-23,173.25662231445312
2015-12-24,172.97071838378906
2015-12-28,172.575439453125
2015-12-29,174.41714477539062
2015-12-30,173.18087768554688
2015-12-31,171.448486328125
2016-01-04,169.05178833007812
2016-01-05,169.3377227783203
2016-01-06,167.20164489746094
2016-01-07,163.19024658203125
2016-01-08,161.39889526367188
2016-01-11,161.55870056152344
2016-01-12,162.86221313476562
2016-01-13,158.80035400390625
2016-01-14,161.40736389160156
2016-01-15,157.9425811767578
2016-01-19,158.1527557373047
2016-01-20,156.1260528564453
2016-01-21,157.00071716308594
2016-01-22,160.2215576171875
2016-01-25,157.79959106445312
2016-01-26,159.9524383544922
2016-01-27,158.21163940429688
2016-01-28,159.03578186035156
2016-01-29,162.91275024414062
2016-02-01,162.8538055419922
2016-02-02,159.9188232421875
2016-02-03,160.8775177001953
2016-02-04,161.1298370361328
2016-02-05,158.06031799316406
2016-02-08,155.93260192871094
2016-02-09,155.94102478027344
2016-02-10,155.80653381347656
2016-02-11,153.77975463867188
2016-02-12,156.9502410888672
2016-02-16,159.5992431640625
2016-02-17,162.20628356933594
2016-02-18,161.54188537597656
2016-02-19,161.46621704101562
2016-02-22,163.80409240722656
2016-02-23,161.73533630371094
2016-02-24,162.4754180908203
2016-02-25,164.4432373046875
2016-02-26,164.06484985351562
2016-02-29,162.77813720703125
2016-03-01,166.60458374023438
2016-03-02,167.35299682617188
2016-03-03,168.0089874267578
2016-03-04,168.55563354492188
2016-03-07,168.69015502929688
2016-03-08,166.848388671875
2016-03-09,167.6725616455078
2016-03-10,167.8070831298828
2016-03-11,170.51504516601562
2016-03-14,170.2964324951172
2016-03-15,170.01890563964844
2016-03-16,171.00283813476562
2016-03-17,172.08767700195312
2016-03-18,172.76390075683594
2016-03-21,173.00906372070312
2016-03-22,172.9160919189453
2016-03-23,171.77487182617188
2016-03-24,171.69883728027344
2016-03-28,171.80026245117188
2016-03-29,173.3894805908203
2016-03-30,174.15023803710938
2016-03-31,173.7275848388672
2016-04-01,174.91098022460938
2016-04-04,174.34461975097656
2016-04-05,172.60328674316406
2016-04-06,174.48831176757812
2016-04-07,172.4004364013672
2016-04-08,172.86532592773438
2016-04-11,172.45957946777344
2016-04-12,174.06573486328125
2016-04-13,175.82391357421875
2016-04-14,175.8323974609375
2016-04-15,175.637939453125
2016-04-18,176.87205505371094
2016-04-19,177.43003845214844
2016-04-20,177.5990447998047
2016-04-21,176.64389038085938
2016-04-22,176.64389038085938
2016-04-25,176.33956909179688
2016-04-26,176.6016387939453
2016-04-27,176.96507263183594
2016-04-28,175.3589630126953
2016-04-29,174.41226196289062
2016-05-02,175.79855346679688
2016-05-03,174.26853942871094
2016-05-04,173.29644775390625
2016-05-05,173.2626190185547
2016-05-06,173.89662170410156
2016-05-09,174.04026794433594
2016-05-10,176.2042694091797
2016-05-11,174.55592346191406
2016-05-12,174.60665893554688
2016-05-13,173.0850830078125
2016-05-16,174.79263305664062
2016-05-17,173.1611785888672
2016-05-18,173.21189880371094
2016-05-19,172.6117401123047
2016-05-20,173.70216369628906
2016-05-23,173.46546936035156
2016-05-24,175.71401977539062
2016-05-25,176.90589904785156
2016-05-26,176.9566192626953
2016-05-27,177.71743774414062
2016-05-31,177.3792724609375
2016-06-01,177.7427978515625
2016-06-02,178.2837677001953
2016-06-03,177.75123596191406
2016-06-06,178.6556854248047
2016-06-07,178.93467712402344
2016-06-08,179.51788330078125
2016-06-09,179.27281188964844
2016-06-10,177.5736846923828
2016-06-13,176.2042694091797
2016-06-14,175.85769653320312
2016-06-15,175.61260986328125
2016-06-16,176.13670349121094
2016-06-17,175.4807586669922
2016-06-20,176.61077880859375
2016-06-21,177.11215209960938
2016-06-22,176.82325744628906
2016-06-23,179.12596130371094
2016-06-24,172.69371032714844
2016-06-27,169.60079956054688
2016-06-28,172.65968322753906
2016-06-29,175.5996551513672
2016-06-30,177.995849609375
2016-07-01,178.36973571777344
2016-07-05,177.086669921875
2016-07-06,178.14878845214844
2016-07-07,178.038330078125
2016-07-08,180.68939208984375
2016-07-11,181.32662963867188
2016-07-12,182.6436767578125
2016-07-13,182.6181640625
2016-07-14,183.6378631591797
2016-07-15,183.39144897460938
2016-07-18,183.88429260253906
2016-07-19,183.6973114013672
2016-07-20,184.46209716796875
2016-07-21,183.7653350830078
2016-07-22,184.5895233154297
2016-07-25,184.0881805419922
2016-07-26,184.1732177734375
2016-07-27,183.97776794433594
2016-07-28,184.19017028808594
2016-07-29,184.48756408691406
2016-08-01,184.3346405029297
2016-08-02,183.15359497070312
2016-08-03,183.68881225585938
2016-08-04,183.88429260253906
2016-08-05,185.38827514648438
2016-08-08,185.27780151367188
2016-08-09,185.38827514648438
2016-08-10,184.92941284179688
2016-08-11,185.7875518798828
2016-08-12,185.6261749267578
2016-08-15,186.16146850585938
2016-08-16,185.20135498046875
2016-08-17,185.5496826171875
2016-08-18,185.96607971191406
2016-08-19,185.69410705566406
2016-08-22,185.68565368652344
2016-08-23,186.05950927734375
2016-08-24,185.1078338623047
2016-08-25,184.98040771484375
2016-08-26,184.6319580078125
2016-08-29,185.54124450683594
2016-08-30,185.23529052734375
2016-08-31,184.70848083496094
2016-09-01,184.71701049804688
2016-09-02,185.5496826171875
2016-09-06,186.11048889160156
2016-09-07,186.093505859375
2016-09-08,185.6686553955078
2016-09-09,181.2247314453125
2016-09-12,183.82479858398438
2016-09-13,181.1822509765625
2016-09-14,181.1142578125
2016-09-15,182.9241180419922
2016-09-16,182.21702575683594
2016-09-19,182.2511749267578
2016-09-20,182.259765625
2016-09-21,184.309326171875
2016-09-22,185.47071838378906
2016-09-23,184.45449829101562
2016-09-26,182.96002197265625
2016-09-27,184.09579467773438
2016-09-28,185.00955200195312
2016-09-29,183.33575439453125
2016-09-30,184.7191925048828
2016-10-03,184.275146484375
2016-10-04,183.33575439453125
2016-10-05,184.14703369140625
2016-10-06,184.275146484375
2016-10-07,183.64312744140625
2016-10-10,184.59971618652344
2016-10-11,182.26821899414062
2016-10-12,182.5074005126953
2016-10-13,181.90957641601562
2016-10-14,182.00350952148438
2016-10-17,181.3715057373047
2016-10-18,182.5074005126953
2016-10-19,182.99412536621094
2016-10-20,182.65252685546875
2016-10-21,182.73794555664062
2016-10-24,183.51510620117188
2016-10-25,182.90020751953125
2016-10-26,182.53292846679688
2016-10-27,182.04612731933594
2016-10-28,181.50819396972656
2016-10-31,181.5167694091797
2016-11-01,180.20155334472656
2016-11-02,179.1170196533203
2016-11-03,178.2971649169922
2016-11-04,178.1006622314453
2016-11-07,182.02911376953125
2016-11-08,182.8489532470703
2016-11-09,184.7875213623047
2016-11-10,185.24867248535156
2016-11-11,184.82167053222656
2016-11-14,184.9668731689453
2016-11-15,186.41012573242188
2016-11-16,186.05996704101562
2016-11-17,187.01641845703125
2016-11-18,186.59800720214844
2016-11-21,188.00706481933594
2016-11-22,188.37428283691406
2016-11-23,188.47679138183594
2016-11-25,189.1771240234375
2016-11-28,188.28897094726562
2016-11-29,188.65614318847656
2016-11-30,188.2035369873047
2016-12-01,187.51177978515625
2016-12-02,187.605712890625
2016-12-05,188.7329559326172
2016-12-06,189.33078002929688
2016-12-07,191.8073272705078
2016-12-08,192.2770233154297
2016-12-09,193.43850708007812
2016-12-12,193.21644592285156
2016-12-13,194.50595092773438
2016-12-14,192.9004669189453
2016-12-15,193.69468688964844
2016-12-16,193.3158721923828
2016-12-19,193.73683166503906
2016-12-20,194.48414611816406
2016-12-21,193.94300842285156
2016-12-22,193.60792541503906
2016-12-23,193.89141845703125
2016-12-27,194.3724822998047
2016-12-28,192.76614379882812
2016-12-29,192.7231903076172
2016-12-30,192.0187530517578
2017-01-03,193.48768615722656
2017-01-04,194.63873291015625
2017-01-05,194.48414611816406
2017-01-06,195.17994689941406
2017-01-09,194.5356903076172
2017-01-10,194.5356903076172
2017-01-11,195.0854949951172
2017-01-12,194.5958251953125
2017-01-13,195.04249572753906
2017-01-17,194.35528564453125
2017-01-18,194.78482055664062
2017-01-19,194.06324768066406
2017-01-20,194.7761688232422
2017-01-23,194.2694091796875
2017-01-24,195.51499938964844
2017-01-25,197.207275390625
2017-01-26,197.00106811523438
2017-01-27,196.6918487548828
2017-01-30,195.47207641601562
2017-01-31,195.454833984375
2017-02-01,195.5321807861328
2017-02-02,195.6610107421875
2017-02-03,197.0096893310547
2017-02-06,196.65745544433594
2017-02-07,196.6660614013672
2017-02-08,196.9237823486328
2017-02-09,198.09205627441406
2017-02-10,198.873779296875
2017-02-13,199.95614624023438
2017-02-14,200.7550811767578
2017-02-15,201.80307006835938
2017-02-16,201.6313018798828
2017-02-17,201.94911193847656
2017-02-21,203.15174865722656
2017-02-22,202.9713592529297
2017-02-23,203.10877990722656
2017-02-24,203.36648559570312
2017-02-27,203.6844024658203
2017-02-28,203.13453674316406
2017-03-01,205.9779510498047
2017-03-02,204.68084716796875
2017-03-03,204.80966186523438
2017-03-06,204.19976806640625
2017-03-07,203.58984375
2017-03-08,203.2118682861328
2017-03-09,203.4696044921875
2017-03-10,204.1825714111328
2017-03-13,204.28570556640625
2017-03-14,203.5039520263672
2017-03-15,205.26498413085938
2017-03-16,204.86122131347656
2017-03-17,204.50146484375
2017-03-20,204.27711486816406
2017-03-21,201.6543731689453
2017-03-22,202.1288299560547
2017-03-23,201.91317749023438
2017-03-24,201.76646423339844
2017-03-27,201.5594024658203
2017-03-28,203.02613830566406
2017-03-29,203.21592712402344
2017-03-30,203.86297607421875
2017-03-31,203.3884735107422
2017-04-03,203.0347442626953
2017-04-04,203.1641387939453
2017-04-05,202.5602264404297
2017-04-06,203.129638671875
2017-04-07,202.92257690429688
2017-04-10,203.04335021972656
2017-04-11,202.80181884765625
2017-04-12,201.91317749023438
2017-04-13,200.60166931152344
2017-04-17,202.37904357910156
2017-04-18,201.77511596679688
2017-04-19,201.40415954589844
2017-04-20,203.04335021972656
2017-04-21,202.3962860107422
2017-04-24,204.6221923828125
2017-04-25,205.81280517578125
2017-04-26,205.68338012695312
2017-04-27,205.85601806640625
2017-04-28,205.40737915039062
2017-05-01,205.9250030517578
2017-05-02,206.00265502929688
2017-05-03,205.75245666503906
2017-05-04,205.9940185546875
2017-05-05,206.80506896972656
2017-05-08,206.77052307128906
2017-05-09,206.58071899414062
2017-05-10,206.95169067382812
2017-05-11,206.5290069580078
2017-05-12,206.18385314941406
2017-05-15,207.32266235351562
2017-05-16,207.13287353515625
2017-05-17,203.45753479003906
2017-05-18,204.27711486816406
2017-05-19,205.60572814941406
2017-05-22,206.64974975585938
2017-05-23,207.10699462890625
2017-05-24,207.5901641845703
2017-05-25,208.58236694335938
2017-05-26,208.53916931152344
2017-05-30,208.35800170898438
2017-05-31,208.3062286376953
2017-06-01,209.96278381347656
2017-06-02,210.66160583496094
2017-06-05,210.50633239746094
2017-06-06,209.83334350585938
2017-06-07,210.22158813476562
2017-06-08,210.3251190185547
2017-06-09,210.00588989257812
2017-06-12,209.96278381347656
2017-06-13,210.98948669433594
2017-06-14,210.72201538085938
2017-06-15,210.31649780273438
2017-06-16,210.3624267578125
2017-06-19,212.11375427246094
2017-06-20,210.68319702148438
2017-06-21,210.63119506835938
2017-06-22,210.53582763671875
2017-06-23,210.78724670410156
2017-06-26,210.92601013183594
2017-06-27,209.22671508789062
2017-06-28,211.09933471679688
2017-06-29,209.2440643310547
2017-06-30,209.6342010498047
2017-07-03,209.98963928222656
2017-07-05,210.47511291503906
2017-07-06,208.55052185058594
2017-07-07,209.90292358398438
2017-07-10,210.1283416748047
2017-07-11,209.9722442626953
2017-07-12,211.55020141601562
2017-07-13,211.90567016601562
2017-07-14,212.8939971923828
2017-07-17,212.86798095703125
2017-07-18,212.98072814941406
2017-07-19,214.1337432861328
2017-07-20,214.2291259765625
2017-07-21,214.03842163085938
2017-07-24,213.98638916015625
2017-07-25,214.5065460205078
2017-07-26,214.51524353027344
2017-07-27,214.31585693359375
2017-07-28,214.06442260742188
2017-07-31,213.94305419921875
2017-08-01,214.41983032226562
2017-08-02,214.52392578125
2017-08-03,214.10780334472656
2017-08-04,214.49790954589844
2017-08-07,214.896728515625
2017-08-08,214.36782836914062
2017-08-09,214.35919189453125
2017-08-10,211.33340454101562
2017-08-11,211.64556884765625
2017-08-14,213.74362182617188
2017-08-15,213.7176055908203
2017-08-16,214.09043884277344
2017-08-17,210.75257873535156
2017-08-18,210.42315673828125
2017-08-21,210.58779907226562
2017-08-22,212.78994750976562
2017-08-23,212.0270538330078
2017-08-24,211.53285217285156
2017-08-25,212.0270538330078
2017-08-28,212.0357208251953
2017-08-29,212.2784423828125
2017-08-30,213.2841339111328
2017-08-31,214.56729125976562
2017-09-01,214.8707275390625
2017-09-05,213.32748413085938
2017-09-06,214.05572509765625
2017-09-07,214.02975463867188
2017-09-08,213.7782745361328
2017-09-11,216.0584259033203
2017-09-12,216.78671264648438
2017-09-13,216.89077758789062
2017-09-14,216.82135009765625
2017-09-15,217.11331176757812
2017-09-18,217.57504272460938
2017-09-19,217.79283142089844
2017-09-20,217.87127685546875
2017-09-21,217.2875213623047
2017-09-22,217.3311309814453
2017-09-25,216.8867645263672
2017-09-26,217.0174560546875
2017-09-27,217.8625946044922
2017-09-28,218.12393188476562
2017-09-29,218.8907012939453
2017-10-02,219.84039306640625
2017-10-03,220.3108367919922
2017-10-04,220.57228088378906
2017-10-05,221.87918090820312
2017-10-06,221.62644958496094
2017-10-09,221.26052856445312
2017-10-10,221.84426879882812
2017-10-11,222.19284057617188
2017-10-12,221.86175537109375
2017-10-13,222.13182067871094
2017-10-16,222.42807006835938
2017-10-17,222.5848846435547
2017-10-18,222.80270385742188
2017-10-19,222.8637237548828
2017-10-20,224.01376342773438
2017-10-23,223.14248657226562
2017-10-24,223.53460693359375
2017-10-25,222.42807006835938
2017-10-26,222.71554565429688
2017-10-27,224.53656005859375
2017-10-30,223.7001190185547
2017-10-31,224.04859924316406
2017-11-01,224.34483337402344
2017-11-02,224.43197631835938
2017-11-03,225.18130493164062
2017-11-06,225.52978515625
2017-11-07,225.3730010986328
2017-11-08,225.75634765625
2017-11-09,224.93734741210938
2017-11-10,224.86764526367188
2017-11-13,225.07672119140625
2017-11-14,224.55398559570312
2017-11-15,223.4300537109375
2017-11-16,225.3294219970703
2017-11-17,224.667236328125
2017-11-20,225.05059814453125
2017-11-21,226.52304077148438
2017-11-22,226.32266235351562
2017-11-24,226.8453826904297
2017-11-27,226.732177734375
2017-11-28,229.03231811523438
2017-11-29,228.8929443359375
2017-11-30,230.89688110351562
2017-12-01,230.41763305664062
2017-12-04,230.13890075683594
2017-12-05,229.31112670898438
2017-12-06,229.35467529296875
2017-12-07,230.07785034179688
2017-12-08,231.33250427246094
2017-12-11,232.02952575683594
2017-12-12,232.43902587890625
2017-12-13,232.41287231445312
2017-12-14,231.4631805419922
2017-12-15,233.390625
2017-12-18,234.87069702148438
2017-12-19,233.9686737060547
2017-12-20,233.8459930419922
2017-12-21,234.32774353027344
2017-12-22,234.26641845703125
2017-12-26,233.98614501953125
2017-12-27,234.09999084472656
2017-12-28,234.58163452148438
2017-12-29,233.69720458984375
2018-01-02,235.3697967529297
2018-01-03,236.85855102539062
2018-01-04,237.85687255859375
2018-01-05,239.4420623779297
2018-01-08,239.8798370361328
2018-01-09,240.42286682128906
2018-01-10,240.05502319335938
2018-01-11,241.80641174316406
2018-01-12,243.38279724121094
2018-01-16,242.55078125
2018-01-17,244.8627471923828
2018-01-18,244.4512176513672
2018-01-19,245.5633087158203
2018-01-22,247.55996704101562
2018-01-23,248.08544921875
2018-01-24,247.9891357421875
2018-01-25,248.09417724609375
2018-01-26,250.96658325195312
2018-01-29,249.30267333984375
2018-01-30,246.7454833984375
2018-01-31,246.86814880371094
2018-02-01,246.58792114257812
2018-02-02,241.2196807861328
2018-02-05,231.13134765625
2018-02-06,235.6851043701172
2018-02-07,234.40652465820312
2018-02-08,225.61419677734375
2018-02-09,229.00328063964844
2018-02-12,232.3660125732422
2018-02-13,232.94406127929688
2018-02-14,236.08787536621094
2018-02-15,239.1004638671875
2018-02-16,239.1704559326172
2018-02-20,237.67303466796875
2018-02-21,236.49070739746094
2018-02-22,236.7972412109375
2018-02-23,240.5717010498047
2018-02-26,243.36520385742188
2018-02-27,240.32644653320312
2018-02-28,237.89187622070312
2018-03-01,234.4327850341797
2018-03-02,235.6412811279297
2018-03-05,238.36483764648438
2018-03-06,238.96908569335938
2018-03-07,238.88145446777344
2018-03-08,240.03750610351562
2018-03-09,244.21475219726562
2018-03-12,243.9081268310547
2018-03-13,242.33181762695312
2018-03-14,241.08822631835938
2018-03-15,240.82557678222656
2018-03-16,241.08676147460938
2018-03-19,237.82481384277344
2018-03-20,238.229248046875
2018-03-21,237.7720184326172
2018-03-22,231.8284149169922
2018-03-23,226.8870849609375
2018-03-26,233.09449768066406
2018-03-27,229.129150390625
2018-03-28,228.45211791992188
2018-03-29,231.3712158203125
2018-04-02,226.3771514892578
2018-04-03,229.27862548828125
2018-04-04,231.731689453125
2018-04-05,233.5604705810547
2018-04-06,228.35540771484375
2018-04-09,229.48085021972656
2018-04-10,233.1296844482422
2018-04-11,231.9075469970703
2018-04-12,233.8154296875
2018-04-13,233.1296844482422
2018-04-16,235.04640197753906
2018-04-17,237.56097412109375
2018-04-18,237.7368927001953
2018-04-19,236.41802978515625
2018-04-20,234.413330078125
2018-04-23,234.37820434570312
2018-04-24,231.22169494628906
2018-04-25,231.79324340820312
2018-04-26,234.14956665039062
2018-04-27,234.369384765625
2018-04-30,232.56698608398438
2018-05-01,232.9801788330078
2018-05-02,231.41522216796875
2018-05-03,230.9051971435547
2018-05-04,233.89459228515625
2018-05-07,234.68588256835938
2018-05-08,234.68588256835938
2018-05-09,236.95440673828125
2018-05-10,239.1699981689453
2018-05-11,239.89981079101562
2018-05-14,240.0140380859375
2018-05-15,238.3611602783203
2018-05-16,239.36343383789062
2018-05-17,239.16123962402344
2018-05-18,238.56332397460938
2018-05-21,240.35699462890625
2018-05-22,239.6887969970703
2018-05-23,240.34825134277344
2018-05-24,239.8558349609375
2018-05-25,239.2843475341797
2018-05-29,236.53228759765625
2018-05-30,239.6887969970703
2018-05-31,238.22044372558594
2018-06-01,240.55921936035156
2018-06-04,241.70223999023438
2018-06-05,241.8780517578125
2018-06-06,243.9002685546875
2018-06-07,243.87399291992188
2018-06-08,244.59495544433594
2018-06-11,244.92025756835938
2018-06-12,245.23680114746094
2018-06-13,244.45420837402344
2018-06-14,245.0697479248047
2018-06-15,244.75701904296875
2018-06-18,244.25369262695312
2018-06-19,243.31747436523438
2018-06-20,243.73257446289062
2018-06-21,242.20465087890625
2018-06-22,242.64620971679688
2018-06-25,239.3431854248047
2018-06-26,239.8729705810547
2018-06-27,237.88595581054688
2018-06-28,239.24591064453125
2018-06-29,239.59043884277344
2018-07-02,240.10269165039062
2018-07-03,239.25482177734375
2018-07-05,241.20657348632812
2018-07-06,243.246826171875
2018-07-09,245.43704223632812
2018-07-10,246.32028198242188
2018-07-11,244.51861572265625
2018-07-12,246.73545837402344
2018-07-13,246.92971801757812
2018-07-16,246.7089385986328
2018-07-17,247.70684814453125
2018-07-18,248.2279510498047
2018-07-19,247.2918243408203
2018-07-20,247.00912475585938
2018-07-23,247.46839904785156
2018-07-24,248.71371459960938
2018-07-25,250.83328247070312
2018-07-26,250.24163818359375
2018-07-27,248.54598999023438
2018-07-30,247.24766540527344
2018-07-31,248.4664306640625
2018-08-01,248.05126953125
2018-08-02,249.40260314941406
2018-08-03,250.4712371826172
2018-08-06,251.3897705078125
2018-08-07,252.21998596191406
2018-08-08,252.11402893066406
2018-08-09,251.7695770263672
2018-08-10,250.0826873779297
2018-08-13,249.14645385742188
2018-08-14,250.7362518310547
2018-08-15,248.8638916015625
2018-08-16,250.87753295898438
2018-08-17,251.76075744628906
2018-08-20,252.29946899414062
2018-08-21,252.89126586914062
2018-08-22,252.74105834960938
2018-08-23,252.4053497314453
2018-08-24,253.92445373535156
2018-08-27,255.92929077148438
2018-08-28,256.0531005859375
2018-08-29,257.4307861328125
2018-08-30,256.3885498046875
2018-08-31,256.3974304199219
2018-09-04,255.9557647705078
2018-09-05,255.26698303222656
2018-09-06,254.49864196777344
2018-09-07,254.00399780273438
2018-09-10,254.44554138183594
2018-09-11,255.28457641601562
2018-09-12,255.3464813232422
2018-09-13,256.8567199707031
2018-09-14,256.90087890625
2018-09-17,255.5406494140625
2018-09-18,256.9273376464844
2018-09-19,257.2011413574219
2018-09-20,259.2854919433594
2018-09-21,259.0484924316406
2018-09-24,258.18798828125
2018-09-25,257.94842529296875
2018-09-26,257.17657470703125
2018-09-27,257.895263671875
2018-09-28,257.92181396484375
2018-10-01,258.81787109375
2018-10-02,258.66705322265625
2018-10-03,258.8089904785156
2018-10-04,256.7862548828125
2018-10-05,255.3489990234375
2018-10-08,255.3489990234375
2018-10-09,254.97633361816406
2018-10-10,246.9029998779297
2018-10-11,241.464599609375
2018-10-12,244.81814575195312
2018-10-15,243.4430389404297
2018-10-16,248.76608276367188
2018-10-17,248.81036376953125
2018-10-18,245.2173614501953
2018-10-19,245.0842742919922
2018-10-22,243.9842529296875
2018-10-23,242.74215698242188
2018-10-24,235.387451171875
2018-10-25,239.6103515625
2018-10-26,235.39620971679688
2018-10-29,234.09210205078125
2018-10-30,237.56094360351562
2018-10-31,240.09835815429688
2018-11-01,242.6534881591797
2018-11-02,241.21617126464844
2018-11-05,242.54701232910156
2018-11-06,244.08180236816406
2018-11-07,249.30728149414062
2018-11-08,248.85482788085938
2018-11-09,246.42401123046875
2018-11-12,241.81947326660156
2018-11-13,241.36708068847656
2018-11-14,239.71685791015625
2018-11-15,242.21868896484375
2018-11-16,242.8486785888672
2018-11-19,238.74099731445312
2018-11-20,234.32275390625
2018-11-21,235.12120056152344
2018-11-23,233.55099487304688
2018-11-26,237.32147216796875
2018-11-27,238.1199188232422
2018-11-28,243.60272216796875
2018-11-29,243.07040405273438
2018-11-30,244.5519256591797
2018-12-03,247.79025268554688
2018-12-04,239.7611846923828
2018-12-06,239.39749145507812
2018-12-07,233.8348388671875
2018-12-10,234.27850341796875
2018-12-11,234.33163452148438
2018-12-12,235.51156616210938
2018-12-13,235.43167114257812
2018-12-14,231.08457946777344
2018-12-17,226.55104064941406
2018-12-18,226.3026580810547
2018-12-19,222.91355895996094
2018-12-20,219.2850341796875
2018-12-21,214.79197692871094
2018-12-24,209.11651611328125
2018-12-26,219.68212890625
2018-12-27,221.36868286132812
2018-12-28,221.08316040039062
2018-12-31,223.01956176757812
2019-01-02,223.2515869140625
2019-01-03,217.92420959472656
2019-01-04,225.22372436523438
2019-01-07,226.99952697753906
2019-01-08,229.1322784423828
2019-01-09,230.20309448242188
2019-01-10,231.01516723632812
2019-01-11,231.10438537597656
2019-01-14,229.6944122314453
2019-01-15,232.32691955566406
2019-01-16,232.88916015625
2019-01-17,234.65599060058594
2019-01-18,237.7792205810547
2019-01-22,234.56675720214844
2019-01-23,235.05760192871094
2019-01-24,235.18251037597656
2019-01-25,237.17239379882812
2019-01-28,235.36988830566406
2019-01-29,235.05760192871094
2019-01-30,238.7787322998047
2019-01-31,240.87579345703125
2019-02-01,240.9917449951172
2019-02-04,242.6873016357422
2019-02-05,243.70452880859375
2019-02-06,243.38327026367188
2019-02-07,241.063232421875
2019-02-08,241.35760498046875
2019-02-11,241.491455078125
2019-02-12,244.59695434570312
2019-02-13,245.39111328125
2019-02-14,244.84678649902344
2019-02-15,247.51499938964844
2019-02-19,247.94326782226562
2019-02-20,248.44297790527344
2019-02-21,247.5595245361328
2019-02-22,249.09449768066406
2019-02-25,249.43359375
2019-02-26,249.2550811767578
2019-02-27,249.14801025390625
2019-02-28,248.68392944335938
2019-03-01,250.23670959472656
2019-03-04,249.3264617919922
2019-03-05,248.9873046875
2019-03-06,247.4792938232422
2019-03-07,245.40902709960938
2019-03-08,244.91822814941406
2019-03-11,248.46974182128906
2019-03-12,249.40676879882812
2019-03-13,251.0576171875
2019-03-14,250.89697265625
2019-03-15,252.13656616210938
2019-03-18,253.05078125
2019-03-19,253.11354064941406
2019-03-20,252.35165405273438
2019-03-21,255.2018585205078
2019-03-22,250.290283203125
2019-03-25,250.1020050048828
2019-03-26,251.9662628173828
2019-03-27,250.64874267578125
2019-03-28,251.59889221191406
2019-03-29,253.18528747558594
2019-04-01,256.1878356933594
2019-04-02,256.313232421875
2019-04-03,256.7166442871094
2019-04-04,257.39776611328125
2019-04-05,258.6436462402344
2019-04-08,258.8409118652344
2019-04-09,257.5142822265625
2019-04-10,258.3927917480469
2019-04-11,258.321044921875
2019-04-12,260.06878662109375
2019-04-15,259.8985290527344
2019-04-16,260.06878662109375
2019-04-17,259.43243408203125
2019-04-18,259.94329833984375
2019-04-22,260.1673278808594
2019-04-23,262.5067443847656
2019-04-24,261.9242248535156
2019-04-25,261.7628479003906
2019-04-26,262.9817199707031
2019-04-29,263.3940734863281
2019-04-30,263.5284423828125
2019-05-01,261.5476379394531
2019-05-02,260.9830017089844
2019-05-03,263.537353515625
2019-05-06,262.4528503417969
2019-05-07,258.07000732421875
2019-05-08,257.7115173339844
2019-05-09,256.9317932128906
2019-05-10,258.222412109375
2019-05-13,251.7332763671875
2019-05-14,254.0098114013672
2019-05-15,255.4976348876953
2019-05-16,257.8638916015625
2019-05-17,256.19671630859375
2019-05-20,254.50282287597656
2019-05-21,256.79730224609375
2019-05-22,256.0086364746094
2019-05-23,252.8805389404297
2019-05-24,253.45407104492188
2019-05-28,251.09686279296875
2019-05-29,249.41180419921875
2019-05-30,250.0930633544922
2019-05-31,246.72296142578125
2019-06-03,246.09556579589844
2019-06-04,251.4374542236328
2019-06-05,253.615478515625
2019-06-06,255.2646484375
2019-06-07,257.819091796875
2019-06-10,259.002197265625
2019-06-11,258.939453125
2019-06-12,258.4822998046875
2019-06-13,259.548828125
2019-06-14,259.26214599609375
2019-06-17,259.3607482910156
2019-06-18,262.0765075683594
2019-06-19,262.6680603027344
2019-06-20,265.17755126953125
2019-06-21,264.79217529296875
2019-06-24,264.4680480957031
2019-06-25,261.8740234375
2019-06-26,261.6129150390625
2019-06-27,262.5406188964844
2019-06-28,263.89154052734375
2019-07-01,266.28717041015625
2019-07-02,266.9808044433594
2019-07-03,269.1153564453125
2019-07-05,268.80908203125
2019-07-08,267.33197021484375
2019-07-09,267.665283203125
2019-07-10,268.9442138671875
2019-07-11,269.5747375488281
2019-07-12,270.7815856933594
2019-07-15,270.87158203125
2019-07-16,269.9980163574219
2019-07-17,268.16064453125
2019-07-18,269.14239501953125
2019-07-19,267.64727783203125
2019-07-22,268.30474853515625
2019-07-23,270.22314453125
2019-07-24,271.49310302734375
2019-07-25,270.1961669921875
2019-07-26,272.00640869140625
2019-07-29,271.510986328125
2019-07-30,270.84466552734375
2019-07-31,267.8814392089844
2019-08-01,265.5487060546875
2019-08-02,263.5492248535156
2019-08-05,255.62362670898438
2019-08-06,259.2081298828125
2019-08-07,259.3612976074219
2019-08-08,264.4499816894531
2019-08-09,262.6487121582031
2019-08-12,259.4513244628906
2019-08-13,263.4862976074219
2019-08-14,255.69557189941406
2019-08-15,256.37109375
2019-08-16,260.15386962890625
2019-08-19,263.28814697265625
2019-08-20,261.2705993652344
2019-08-21,263.39617919921875
2019-08-22,263.31512451171875
2019-08-23,256.5513000488281
2019-08-26,259.3883056640625
2019-08-27,258.37060546875
2019-08-28,260.1898193359375
2019-08-29,263.5133361816406
2019-08-30,263.39617919921875
2019-09-03,261.8560485839844
2019-09-04,264.82818603515625
2019-09-05,268.23272705078125
2019-09-06,268.43988037109375
2019-09-09,268.5749206542969
2019-09-10,268.511962890625
2019-09-11,270.4212341308594
2019-09-12,271.35797119140625
2019-09-13,271.1778564453125
2019-09-16,270.3402099609375
2019-09-17,271.0246887207031
2019-09-18,271.18682861328125
2019-09-19,271.1687927246094
2019-09-20,269.8876647949219
2019-09-23,269.8242492675781
2019-09-24,267.7070617675781
2019-09-25,269.29034423828125
2019-09-26,268.7294616699219
2019-09-27,267.2817077636719
2019-09-30,268.5213928222656
2019-10-01,265.327392578125
2019-10-02,260.640380859375
2019-10-03,262.7757263183594
2019-10-04,266.3317565917969
2019-10-07,265.1826477050781
2019-10-08,261.0657653808594
2019-10-09,263.54486083984375
2019-10-10,265.327392578125
2019-10-11,268.0779724121094
2019-10-14,267.77947998046875
2019-10-15,270.4305114746094
2019-10-16,269.9961853027344
2019-10-17,270.7925109863281
2019-10-18,269.6070861816406
2019-10-21,271.4349060058594
2019-10-22,270.5481262207031
2019-10-23,271.3352966308594
2019-10-24,271.7786865234375
2019-10-25,272.8915710449219
2019-10-28,274.4296569824219
2019-10-29,274.34832763671875
2019-10-30,275.1898498535156
2019-10-31,274.4568786621094
2019-11-01,276.9993896484375
2019-11-04,278.11236572265625
2019-11-05,277.8047180175781
2019-11-06,277.86810302734375
2019-11-07,278.8452453613281
2019-11-08,279.5328674316406
2019-11-11,278.9990539550781
2019-11-12,279.587158203125
2019-11-13,279.6777648925781
2019-11-14,280.0848693847656
2019-11-15,282.1116027832031
2019-11-18,282.31976318359375
2019-11-19,282.2384033203125
2019-11-20,281.1885681152344
2019-11-21,280.7362060546875
2019-11-22,281.3606872558594
2019-11-25,283.5412292480469
2019-11-26,284.18359375
2019-11-27,285.4504699707031
2019-11-29,284.3917541503906
2019-12-02,281.9759216308594
2019-12-03,280.0848693847656
2019-12-04,281.8130798339844
2019-12-05,282.31976318359375
2019-12-06,284.8984375
2019-12-09,284.002685546875
2019-12-10,283.68597412109375
2019-12-11,284.4913635253906
2019-12-12,286.943359375
2019-12-13,287.115234375
2019-12-16,289.0877990722656
2019-12-17,289.1510925292969
2019-12-18,289.16912841796875
2019-12-19,290.35443115234375
2019-12-20,291.62738037109375
2019-12-23,292.072998046875
2019-12-24,292.08209228515625
2019-12-26,293.6369323730469
2019-12-27,293.5640869140625
2019-12-30,291.94573974609375
2019-12-31,292.6548767089844
2020-01-02,295.39178466796875
2020-01-03,293.1549987792969
2020-01-06,294.2733459472656
2020-01-07,293.4460144042969
2020-01-08,295.00994873046875
2020-01-09,297.0102844238281
2020-01-10,296.1555480957031
2020-01-13,298.1922912597656
2020-01-14,297.7376403808594
2020-01-15,298.4105224609375
2020-01-16,300.8927917480469
2020-01-17,301.8293762207031
2020-01-21,301.23834228515625
2020-01-22,301.2746887207031
2020-01-23,301.6202087402344
2020-01-24,298.93792724609375
2020-01-27,294.1461181640625
2020-01-28,297.2285461425781
2020-01-29,296.9828796386719
2020-01-30,297.9466857910156
2020-01-31,292.53668212890625
2020-02-03,294.70989990234375
2020-02-04,299.20159912109375
2020-02-05,302.6567687988281
2020-02-06,303.6751403808594
2020-02-07,302.056640625
2020-02-10,304.3116149902344
2020-02-11,304.8389587402344
2020-02-12,306.8030700683594
2020-02-13,306.4756774902344
2020-02-14,306.9667053222656
2020-02-18,306.1756286621094
2020-02-19,307.6395568847656
2020-02-20,306.37567138671875
2020-02-21,303.22052001953125
2020-02-24,293.1641540527344
2020-02-25,284.2806396484375
2020-02-26,283.2348937988281
2020-02-27,270.514404296875
2020-02-28,269.3778076171875
2020-03-02,281.0436096191406
2020-03-03,272.9966125488281
2020-03-04,284.4715270996094
2020-03-05,275.0152282714844
2020-03-06,270.46893310546875
2020-03-09,249.3468475341797
2020-03-10,262.24920654296875
2020-03-11,249.4649658203125
2020-03-12,225.5968780517578
2020-03-13,244.88232421875
2020-03-16,218.0863800048828
2020-03-17,229.86131286621094
2020-03-18,218.2227783203125
2020-03-19,218.68643188476562
2020-03-20,209.2623748779297
2020-03-23,203.91188049316406
2020-03-24,222.38699340820312
2020-03-25,225.7161865234375
2020-03-26,238.89564514160156
2020-03-27,231.780029296875
2020-03-30,239.3071746826172
2020-03-31,235.740234375
2020-04-01,225.1308135986328
2020-04-02,230.32577514648438
2020-04-03,226.99659729003906
2020-04-06,242.24310302734375
2020-04-07,242.49012756347656
2020-04-08,250.6301727294922
2020-04-09,254.44400024414062
2020-04-13,252.12083435058594
2020-04-14,259.5566711425781
2020-04-15,254.04161071777344
2020-04-16,255.26710510253906
2020-04-17,262.1632995605469
2020-04-20,257.5445251464844
2020-04-21,249.72462463378906
2020-04-22,255.26710510253906
2020-04-23,255.24879455566406
2020-04-24,258.8067321777344
2020-04-27,262.53826904296875
2020-04-28,261.33099365234375
2020-04-29,268.17230224609375
2020-04-30,265.6753234863281
2020-05-01,258.6420593261719
2020-05-04,259.3553771972656
2020-05-05,261.75177001953125
2020-05-06,259.9773864746094
2020-05-07,263.11444091796875
2020-05-08,267.4681091308594
2020-05-11,267.52294921875
2020-05-12,262.19073486328125
2020-05-13,257.5537109375
2020-05-14,260.6358947753906
2020-05-15,261.833984375
2020-05-18,269.80938720703125
2020-05-19,267.03814697265625
2020-05-20,271.5746765136719
2020-05-21,269.69970703125
2020-05-22,270.2118835449219
2020-05-26,273.54107666015625
2020-05-27,277.6110534667969
2020-05-28,277.0988464355469
2020-05-29,278.3336486816406
2020-06-01,279.45855712890625
2020-06-02,281.7724609375
2020-06-03,285.5223388671875
2020-06-04,284.7722473144531
2020-06-05,292.0710144042969
2020-06-08,295.60137939453125
2020-06-09,293.39715576171875
2020-06-10,291.760009765625
2020-06-11,274.9402770996094
2020-06-12,278.23291015625
2020-06-15,280.8303527832031
2020-06-16,286.2358093261719
2020-06-17,285.04681396484375
2020-06-18,285.15655517578125
2020-06-19,283.52691650390625
2020-06-22,285.3458557128906
2020-06-23,286.6593933105469
2020-06-24,279.3471374511719
2020-06-25,282.3418273925781
2020-06-26,275.6357727050781
2020-06-29,279.68701171875
2020-06-30,283.2696533203125
2020-07-01,285.2539367675781
2020-07-02,286.8248596191406
2020-07-06,291.2525634765625
2020-07-07,288.24871826171875
2020-07-08,290.45343017578125
2020-07-09,288.7998352050781
2020-07-10,291.7486267089844
2020-07-13,289.22235107421875
2020-07-14,292.9704284667969
2020-07-15,295.66204833984375
2020-07-16,294.68829345703125
2020-07-17,295.5426330566406
2020-07-20,297.93109130859375
2020-07-21,298.5649108886719
2020-07-22,300.26434326171875
2020-07-23,296.681640625
2020-07-24,294.7709655761719
2020-07-27,296.9205627441406
2020-07-28,295.03741455078125
2020-07-29,298.66595458984375
2020-07-30,297.6003723144531
2020-07-31,299.9520263671875
2020-08-03,302.0373229980469
2020-08-04,303.2040100097656
2020-08-05,305.08721923828125
2020-08-06,307.1265869140625
2020-08-07,307.3470458984375
2020-08-10,308.2657165527344
2020-08-11,305.72100830078125
2020-08-12,309.9834899902344
2020-08-13,309.423095703125
2020-08-14,309.43231201171875
2020-08-17,310.4151916503906
2020-08-18,311.0859069824219
2020-08-19,309.79058837890625
2020-08-20,310.75518798828125
2020-08-21,311.8575134277344
2020-08-24,315.0176696777344
2020-08-25,316.1199951171875
2020-08-26,319.28924560546875
2020-08-27,319.9874572753906
2020-08-28,322.0543212890625
2020-08-31,320.88763427734375
2020-09-01,323.9099426269531
2020-09-02,328.5950927734375
2020-09-03,317.2867431640625
2020-09-04,314.6961975097656
2020-09-08,306.0977478027344
2020-09-09,312.142333984375
2020-09-10,306.72247314453125
2020-09-11,306.8785705566406
2020-09-14,310.9205322265625
2020-09-15,312.49139404296875
2020-09-16,311.2511901855469
2020-09-17,308.51373291015625
2020-09-18,304.96185302734375
2020-09-21,301.5677185058594
2020-09-22,304.63909912109375
2020-09-23,297.57415771484375
2020-09-24,298.3673400878906
2020-09-25,303.1910705566406
2020-09-28,308.22686767578125
2020-09-29,306.5481872558594
2020-09-30,308.87249755859375
2020-10-01,310.8554382324219
2020-10-02,307.9040832519531
2020-10-05,313.3641662597656
2020-10-06,308.909423828125
2020-10-07,314.28643798828125
2020-10-08,317.0718078613281
2020-10-09,319.9033203125
2020-10-12,325.0498352050781
2020-10-13,322.9284973144531
2020-10-14,320.8994140625
2020-10-15,320.5027160644531
2020-10-16,320.3091735839844
2020-10-19,315.43939208984375
2020-10-20,316.7028503417969
2020-10-21,316.10345458984375
2020-10-22,317.83734130859375
2020-10-23,318.9164733886719
2020-10-26,313.02288818359375
2020-10-27,311.9437561035156
2020-10-28,301.2818908691406
2020-10-29,304.3439636230469
2020-10-30,301.1712341308594
2020-11-02,304.546875
2020-11-03,309.923828125
2020-11-04,316.85052490234375
2020-11-05,323.0299072265625
2020-11-06,322.9561767578125
2020-11-09,327.0143127441406
2020-11-10,326.53466796875
2020-11-11,328.96044921875
2020-11-12,325.769287109375
2020-11-13,330.2792663574219
2020-11-16,334.4021301269531
2020-11-17,332.60357666015625
2020-11-18,328.6006774902344
2020-11-19,329.9842224121094
2020-11-20,327.72442626953125
2020-11-23,329.6890563964844
2020-11-24,335.0015563964844
2020-11-25,334.4850158691406
2020-11-27,335.4166259765625
2020-11-30,333.9316711425781
2020-12-01,337.5839538574219
2020-12-02,338.2941589355469
2020-12-03,338.2019348144531
2020-12-04,341.11639404296875
2020-12-07,340.4154968261719
2020-12-08,341.41168212890625
2020-12-09,338.3494567871094
2020-12-10,338.23883056640625
2020-12-11,337.8422546386719
2020-12-14,336.32965087890625
2020-12-15,340.8766784667969
2020-12-16,341.41168212890625
2020-12-17,343.32073974609375
2020-12-18,341.949951171875
2020-12-21,340.7272644042969
2020-12-22,340.1530456542969
2020-12-23,340.458740234375
2020-12-24,341.7832336425781
2020-12-28,344.7194519042969
2020-12-29,344.0617980957031
2020-12-30,344.55267333984375
2020-12-31,346.30328369140625
2021-01-04,341.5887145996094
2021-01-05,343.94134521484375
2021-01-06,345.9976501464844
2021-01-07,351.13818359375
2021-01-08,353.1388244628906
2021-01-11,350.75848388671875
2021-01-12,350.8326110839844
2021-01-13,351.77734375
2021-01-14,350.54541015625
2021-01-15,347.9891052246094
2021-01-19,350.721435546875
2021-01-20,355.57501220703125
2021-01-21,355.89910888671875
2021-01-22,354.63946533203125
2021-01-25,356.03814697265625
2021-01-26,355.4822998046875
2021-01-27,346.794189453125
2021-01-28,349.77667236328125
2021-01-29,342.7743225097656
2021-02-01,348.4799499511719
2021-02-02,353.4076232910156
2021-02-03,353.6854553222656
2021-02-04,357.7053527832031
2021-02-05,359.1131896972656
2021-02-08,361.7066345214844
2021-02-09,361.4658508300781
2021-02-10,361.308349609375
2021-02-11,361.89190673828125
2021-02-12,363.67950439453125
2021-02-16,363.3646240234375
2021-02-17,363.4480895996094
2021-02-18,361.9012145996094
2021-02-19,361.26202392578125
2021-02-22,358.4833068847656
2021-02-23,358.9186706542969
2021-02-24,362.8736877441406
2021-02-25,354.1300048828125
2021-02-26,352.3053283691406
2021-03-01,360.84527587890625
2021-03-02,358.029541015625
2021-03-03,353.2871398925781
2021-03-04,348.9152526855469
2021-03-05,355.3341369628906
2021-03-08,353.5650329589844
2021-03-09,358.613037109375
2021-03-10,360.84527587890625
2021-03-11,364.5039367675781
2021-03-12,364.9948425292969
2021-03-15,367.1715087890625
2021-03-16,366.70843505859375
2021-03-17,367.9587707519531
2021-03-18,362.60516357421875
2021-03-19,361.9341735839844
2021-03-22,364.8242492675781
2021-03-23,361.952880859375
2021-03-24,360.1127624511719
2021-03-25,362.138671875
2021-03-26,367.9745178222656
2021-03-29,367.7886047363281
2021-03-30,366.8128356933594
2021-03-31,368.2997131347656
2021-04-01,372.2770080566406
2021-04-05,377.6203918457031
2021-04-06,377.3973083496094
2021-04-07,377.8341369628906
2021-04-08,379.62762451171875
2021-04-09,382.3874816894531
2021-04-12,382.52691650390625
2021-04-13,383.66064453125
2021-04-14,382.3504333496094
2021-04-15,386.457763671875
2021-04-16,387.7494812011719
2021-04-19,385.8445129394531
2021-04-20,383.0195007324219
2021-04-21,386.6436767578125
2021-04-22,383.11236572265625
2021-04-23,387.2662658691406
2021-04-26,388.07470703125
2021-04-27,387.9910888671875
2021-04-28,387.8795166015625
2021-04-29,390.3514709472656
2021-04-30,387.78662109375
2021-05-03,388.6229553222656
2021-05-04,386.2254333496094
2021-05-05,386.3462219238281
2021-05-06,389.4314270019531
2021-05-07,392.2657470703125
2021-05-10,388.38140869140625
2021-05-11,384.91510009765625
2021-05-12,376.7375183105469
2021-05-13,381.2630920410156
2021-05-14,387.1175537109375
2021-05-17,386.13250732421875
2021-05-18,382.8057556152344
2021-05-19,381.8020935058594
2021-05-20,385.9095458984375
2021-05-21,385.59356689453125
2021-05-24,389.5244140625
2021-05-25,388.6601257324219
2021-05-26,389.4314270019531
2021-05-27,389.63592529296875
2021-05-28,390.3329162597656
2021-06-01,389.98907470703125
2021-06-02,390.6022644042969
2021-06-03,389.15264892578125
2021-06-04,392.7117614746094
2021-06-07,392.3308410644531
2021-06-08,392.4144287109375
2021-06-09,391.8289794921875
2021-06-10,393.6502990722656
2021-06-11,394.3008117675781
2021-06-14,395.1836242675781
2021-06-15,394.4588928222656
2021-06-16,392.2564392089844
2021-06-17,392.1263427734375
2021-06-18,386.83636474609375
2021-06-21,392.37432861328125
2021-06-22,394.4720764160156
2021-06-23,393.9965515136719
2021-06-24,396.3273620605469
2021-06-25,397.7352294921875
2021-06-28,398.5368957519531
2021-06-29,398.75140380859375
2021-06-30,399.08697509765625
2021-07-01,401.29669189453125
2021-07-02,404.3639831542969
2021-07-06,403.62744140625
2021-07-07,405.05377197265625
2021-07-08,401.75341796875
2021-07-09,406.0421142578125
2021-07-12,407.4964904785156
2021-07-13,406.1073913574219
2021-07-14,406.7133483886719
2021-07-15,405.32421875
2021-07-16,402.1449890136719
2021-07-19,396.2061767578125
2021-07-20,401.8839111328125
2021-07-21,405.13775634765625
2021-07-22,405.9861145019531
2021-07-23,410.1629333496094
2021-07-26,411.1697998046875
2021-07-27,409.29583740234375
2021-07-28,409.1280822753906
2021-07-29,410.82489013671875
2021-07-30,408.82977294921875
2021-08-02,407.9720458984375
2021-08-03,411.2910461425781
2021-08-04,409.2679138183594
2021-08-05,411.8597717285156
2021-08-06,412.540283203125
2021-08-09,412.2047119140625
2021-08-10,412.7174987792969
2021-08-11,413.7430114746094
2021-08-12,414.9830017089844
2021-08-13,415.73822021484375
2021-08-16,416.7171325683594
2021-08-17,413.9854431152344
2021-08-18,409.4543762207031
2021-08-19,410.08831787109375
2021-08-20,413.3514404296875
2021-08-23,416.9875183105469
2021-08-24,417.64935302734375
2021-08-25,418.5258483886719
2021-08-26,416.0552062988281
2021-08-27,419.775146484375
2021-08-30,421.62109375
2021-08-31,420.99639892578125
2021-09-01,421.2201843261719
2021-09-02,422.5160827636719
2021-09-03,422.41351318359375
2021-09-07,420.9031677246094
2021-09-08,420.39044189453125
2021-09-09,418.5910949707031
2021-09-10,415.29071044921875
2021-09-13,416.353515625
2021-09-14,414.1065673828125
2021-09-15,417.5655517578125
2021-09-16,416.9036560058594
2021-09-17,412.8424377441406
2021-09-20,405.9585876464844
2021-09-21,405.5751647949219
2021-09-22,409.5315246582031
2021-09-23,414.50732421875
2021-09-24,415.1901550292969
2021-09-27,414.0022888183594
2021-09-28,405.659423828125
2021-09-29,406.342041015625
2021-09-30,401.3756103515625
2021-10-01,406.1457214355469
2021-10-04,400.9080505371094
2021-10-05,405.0794982910156
2021-10-06,406.7630615234375
2021-10-07,410.27972412109375
2021-10-08,409.5315246582031
2021-10-11,406.5665588378906
2021-10-12,405.5658264160156
2021-10-13,407.02490234375
2021-10-14,413.8713073730469
2021-10-15,417.023193359375
2021-10-18,418.2579345703125
2021-10-19,421.4847106933594
2021-10-20,423.14019775390625
2021-10-21,424.243896484375
2021-10-22,423.80419921875
2021-10-25,426.07696533203125
2021-10-26,426.4604797363281
2021-10-27,424.5711975097656
2021-10-28,428.6678161621094
2021-10-29,429.5376281738281
2021-11-01,430.2765197753906
2021-11-02,432.01611328125
2021-11-03,434.6536865234375
2021-11-04,436.70208740234375
2021-11-05,438.21722412109375
2021-11-08,438.5914001464844
2021-11-09,437.1416320800781
2021-11-10,433.6248474121094
2021-11-11,433.7652282714844
2021-11-12,437.0387268066406
2021-11-15,437.18841552734375
2021-11-16,438.9187927246094
2021-11-17,437.8525390625
2021-11-18,439.3396301269531
2021-11-19,438.55401611328125
2021-11-22,437.3193359375
2021-11-23,437.89923095703125
2021-11-24,439.0683898925781
2021-11-26,429.2757568359375
2021-11-29,434.54150390625
2021-11-30,426.08636474609375
2021-12-01,421.3537292480469
2021-12-02,427.80731201171875
2021-12-03,424.0848388671875
2021-12-06,429.10736083984375
2021-12-07,437.98345947265625
2021-12-08,439.1431884765625
2021-12-09,436.1783142089844
2021-12-10,440.2842102050781
2021-12-13,436.3840637207031
2021-12-14,433.38177490234375
2021-12-15,440.1532897949219
2021-12-16,436.2718505859375
2021-12-17,431.62872314453125
2021-12-20,427.0389709472656
2021-12-21,434.6226806640625
2021-12-22,438.9684143066406
2021-12-23,441.6997375488281
2021-12-27,447.9507141113281
2021-12-28,447.5846252441406
2021-12-29,448.1572265625
2021-12-30,446.9182434082031
2021-12-31,445.79193115234375
2022-01-03,448.3729553222656
2022-01-04,448.22283935546875
2022-01-05,439.6160583496094
2022-01-06,439.2030334472656
2022-01-07,437.4666442871094
2022-01-10,436.92236328125
2022-01-11,440.90191650390625
2022-01-12,442.0939025878906
2022-01-13,436.00244140625
2022-01-14,436.18084716796875
2022-01-18,428.45623779296875
2022-01-19,424.00732421875
2022-01-20,419.3143310546875
2022-01-21,411.0829772949219
2022-01-24,412.8287048339844
2022-01-25,407.78851318359375
2022-01-26,406.7655029296875
2022-01-27,404.7568664550781
2022-01-28,414.80908203125
2022-01-31,422.2802734375
2022-02-01,425.1336364746094
2022-02-02,429.2633972167969
2022-02-03,419.1736145019531
2022-02-04,421.1446533203125
2022-02-07,419.79302978515625
2022-02-08,423.24700927734375
2022-02-09,429.4416809082031
2022-02-10,421.7265625
2022-02-11,413.41064453125
2022-02-14,412.0591125488281
2022-02-15,418.70428466796875
2022-02-16,419.1736145019531
2022-02-17,410.2193298339844
2022-02-18,407.56317138671875
2022-02-22,403.1893615722656
2022-02-23,396.0373229980469
2022-02-24,401.9973449707031
2022-02-25,410.8670654296875
2022-02-28,409.8158264160156
2022-03-01,403.5741882324219
2022-03-02,410.99853515625
2022-03-03,408.9523620605469
2022-03-04,405.6297302246094
2022-03-07,393.6721496582031
2022-03-08,390.6873779296875
2022-03-09,401.16204833984375
2022-03-10,399.3506164550781
2022-03-11,394.2727966308594
2022-03-14,391.391357421875
2022-03-15,399.9981384277344
2022-03-16,408.86785888671875
2022-03-17,413.98321533203125
2022-03-18,418.5174560546875
2022-03-21,418.39508056640625
2022-03-22,423.2908935546875
2022-03-23,417.83953857421875
2022-03-24,424.1382141113281
2022-03-25,426.20953369140625
2022-03-28,429.2412109375
2022-03-29,434.5512390136719
2022-03-30,431.8680725097656
2022-03-31,425.2209777832031
2022-04-01,426.4260559082031
2022-04-04,430.0791015625
2022-04-05,424.64666748046875
2022-04-06,420.40045166015625
2022-04-07,422.51885986328125
2022-04-08,421.38909912109375
2022-04-11,414.1865234375
2022-04-12,412.6518859863281
2022-04-13,417.3782043457031
2022-04-14,412.18115234375
2022-04-18,412.3506164550781
2022-04-19,419.0069885253906
2022-04-20,418.69635009765625
2022-04-21,412.435302734375
2022-04-22,401.11846923828125
2022-04-25,403.4439697265625
2022-04-26,391.7599792480469
2022-04-27,392.86138916015625
2022-04-28,402.784912109375
2022-04-29,387.89971923828125
2022-05-02,390.23468017578125
2022-05-03,392.0234680175781
2022-05-04,403.9617919921875
2022-05-05,389.6038818359375
2022-05-06,387.2783508300781
2022-05-09,374.87872314453125
2022-05-10,375.7449035644531
2022-05-11,369.7757568359375
2022-05-12,369.3898010253906
2022-05-13,378.2210388183594
2022-05-16,376.6864013671875
2022-05-17,384.4349670410156
2022-05-18,368.9378356933594
2022-05-19,366.6781921386719
2022-05-20,366.83831787109375
2022-05-23,373.70184326171875
2022-05-24,370.84912109375
2022-05-25,374.1255187988281
2022-05-26,381.60107421875
2022-05-27,390.96905517578125
2022-05-31,388.77532958984375
2022-06-01,385.63067626953125
2022-06-02,392.9744567871094
2022-06-03,386.52520751953125
2022-06-06,387.7019958496094
2022-06-07,391.42095947265625
2022-06-08,387.1654052734375
2022-06-09,377.9573974609375
2022-06-10,366.998291015625
2022-06-13,353.0640563964844
2022-06-14,352.0001525878906
2022-06-15,357.0184020996094
2022-06-16,345.2025451660156
2022-06-17,345.9467468261719
2022-06-21,354.6553649902344
2022-06-22,354.01239013671875
2022-06-23,357.48260498046875
2022-06-24,368.8484191894531
2022-06-27,367.4395446777344
2022-06-28,359.93170166015625
2022-06-29,359.63861083984375
2022-06-30,356.71673583984375
2022-07-01,360.48956298828125
2022-07-05,361.1704406738281
2022-07-06,362.39019775390625
2022-07-07,367.8177185058594
2022-07-08,367.5152587890625
2022-07-11,363.3169250488281
2022-07-12,360.10186767578125
2022-07-13,358.21075439453125
2022-07-14,357.3407897949219
2022-07-15,364.1678466796875
2022-07-18,361.1610107421875
2022-07-19,370.91925048828125
2022-07-20,373.2831726074219
2022-07-21,377.0843505859375
2022-07-22,373.5857238769531
2022-07-25,374.0395812988281
2022-07-26,369.6143493652344
2022-07-27,379.21185302734375
2022-07-28,383.9681701660156
2022-07-29,389.56591796875
2022-08-01,388.4123229980469
2022-08-02,385.849853515625
2022-08-03,391.8919677734375
2022-08-04,391.6273193359375
2022-08-05,390.9654235839844
2022-08-08,390.5114440917969
2022-08-09,388.96075439453125
2022-08-10,397.13043212890625
2022-08-11,397.13043212890625
2022-08-12,403.8534240722656
2022-08-15,405.5176696777344
2022-08-16,406.3119201660156
2022-08-17,403.427978515625
2022-08-18,404.6004333496094
2022-08-19,399.1634521484375
2022-08-22,390.8518981933594
2022-08-23,389.90631103515625
2022-08-24,391.1545104980469
2022-08-25,396.67657470703125
2022-08-26,383.2495422363281
2022-08-29,380.7153625488281
2022-08-30,376.5359191894531
2022-08-31,373.6708984375
2022-09-01,374.8433532714844
2022-09-02,370.89080810546875
2022-09-06,369.4913635253906
2022-09-07,376.1293029785156
2022-09-08,378.58782958984375
2022-09-09,384.4693298339844
2022-09-12,388.60137939453125
2022-09-13,371.7041320800781
2022-09-14,373.12237548828125
2022-09-15,368.8862609863281
2022-09-16,366.072021484375
2022-09-19,368.910888671875
2022-09-20,364.6763610839844
2022-09-21,358.31500244140625
2022-09-22,355.3052978515625
2022-09-23,349.3522033691406
2022-09-26,345.8961181640625
2022-09-27,345.01312255859375
2022-09-28,351.8017272949219
2022-09-29,344.45294189453125
2022-09-30,339.12652587890625
2022-10-03,348.0798645019531
2022-10-04,358.86578369140625
2022-10-05,358.0301818847656
2022-10-06,354.3367919921875
2022-10-07,344.45294189453125
2022-10-10,341.8229675292969
2022-10-11,339.6581726074219
2022-10-12,338.5378723144531
2022-10-13,347.47216796875
2022-10-14,339.5537414550781
2022-10-17,348.2792663574219
2022-10-18,352.37139892578125
2022-10-19,349.8743591308594
2022-10-20,346.9405212402344
2022-10-21,355.3717346191406
2022-10-24,359.7201843261719
2022-10-25,365.46441650390625
2022-10-26,362.7109680175781
2022-10-27,360.77410888671875
2022-10-28,369.357177734375
2022-10-31,366.689208984375
2022-11-01,365.08465576171875
2022-11-02,355.92230224609375
2022-11-03,352.2574462890625
2022-11-04,357.3276062011719
2022-11-07,360.74560546875
2022-11-08,362.6920166015625
2022-11-09,355.21978759765625
2022-11-10,374.7405700683594
2022-11-11,378.3674621582031
2022-11-14,375.14886474609375
2022-11-15,378.3485107421875
2022-11-16,375.462158203125
2022-11-17,374.3132629394531
2022-11-18,376.0129089355469
2022-11-21,374.6456298828125
2022-11-22,379.687255859375
2022-11-23,382.07989501953125
2022-11-25,381.9944152832031
2022-11-28,375.8989562988281
2022-11-29,375.2533264160156
2022-11-30,387.0740051269531
2022-12-01,386.7891540527344
2022-12-02,386.3429870605469
2022-12-05,379.39288330078125
2022-12-06,373.924072265625
2022-12-07,373.2879333496094
2022-12-08,376.2121887207031
2022-12-09,373.4018859863281
2022-12-12,378.7852478027344
2022-12-13,381.6526794433594
2022-12-14,379.21246337890625
2022-12-15,369.9363708496094
2022-12-16,365.56884765625
2022-12-19,362.4688415527344
2022-12-20,362.9648742675781
2022-12-21,368.3921813964844
2022-12-22,363.1365966796875
2022-12-23,365.2254333496094
2022-12-27,363.7851867675781
2022-12-28,359.2640686035156
2022-12-29,365.73095703125
2022-12-30,364.767578125
2023-01-03,363.2319641113281
2023-01-04,366.0362243652344
2023-01-05,361.8584899902344
2023-01-06,370.15667724609375
2023-01-09,369.9468688964844
2023-01-10,372.541259765625
2023-01-11,377.25311279296875
2023-01-12,378.62652587890625
2023-01-13,380.095458984375
2023-01-17,379.399169921875
2023-01-18,373.4091491699219
2023-01-19,370.69085693359375
2023-01-20,377.596435546875
2023-01-23,382.1271057128906
2023-01-24,381.7169189453125
2023-01-25,381.8599548339844
2023-01-26,386.0567626953125
2023-01-27,386.94384765625
2023-01-30,382.0888977050781
2023-01-31,387.7069091796875
2023-02-01,391.8273010253906
2023-02-02,397.5312194824219
2023-02-03,393.3058166503906
2023-02-06,390.90216064453125
2023-02-07,396.0146179199219
2023-02-08,391.6842346191406
2023-02-09,388.2887268066406
2023-02-10,389.1948547363281
2023-02-13,393.7635803222656
2023-02-14,393.5823974609375
2023-02-15,394.8605041503906
2023-02-16,389.4237365722656
2023-02-17,388.45086669921875
2023-02-21,380.65814208984375
2023-02-22,380.1335754394531
2023-02-23,382.1556701660156
2023-02-24,378.0733947753906
2023-02-27,379.36102294921875
2023-02-28,377.9588623046875
2023-03-01,376.5090637207031
2023-03-02,379.4373474121094
2023-03-03,385.52264404296875
2023-03-06,385.7897644042969
2023-03-07,379.8760681152344
2023-03-08,380.49609375
2023-03-09,373.4759521484375
2023-03-10,368.0869140625
2023-03-13,367.56231689453125
2023-03-14,373.63812255859375
2023-03-15,371.3013000488281
2023-03-16,377.8157958984375
2023-03-17,373.39813232421875
2023-03-20,376.9886169433594
2023-03-21,381.9385681152344
2023-03-22,375.4278869628906
2023-03-23,376.44281005859375
2023-03-24,378.9130859375
2023-03-27,379.62152099609375
2023-03-28,378.7694396972656
2023-03-29,384.27484130859375
2023-03-30,386.52484130859375
2023-03-31,391.9728088378906
2023-04-03,393.4664001464844
2023-04-04,391.2834167480469
2023-04-05,390.2589111328125
2023-04-06,391.78131103515625
2023-04-10,392.1833801269531
2023-04-11,392.28875732421875
2023-04-12,390.6897888183594
2023-04-13,395.87921142578125
2023-04-14,394.9121398925781
2023-04-17,396.3292236328125
2023-04-18,396.5876770019531
2023-04-19,396.52069091796875
2023-04-20,394.3568420410156
2023-04-21,394.6632080078125
2023-04-24,395.0749206542969
2023-04-25,388.8035888671875
2023-04-26,387.15673828125
2023-04-27,394.8643493652344
2023-04-28,398.2344970703125
2023-05-01,397.8323974609375
2023-05-02,393.36102294921875
2023-05-03,390.6611022949219
2023-05-04,387.8940734863281
2023-05-05,395.0749206542969
2023-05-08,395.1802978515625
2023-05-09,393.4472961425781
2023-05-10,395.2855529785156
2023-05-11,394.5962219238281
2023-05-12,394.0791320800781
2023-05-15,395.4387512207031
2023-05-16,392.7961730957031
2023-05-17,397.5643005371094
2023-05-18,401.3941650390625
2023-05-19,400.81005859375
2023-05-22,400.9728088378906
2023-05-23,396.47283935546875
2023-05-24,393.6004333496094
2023-05-25,397.009033203125
2023-05-26,402.1505126953125
2023-05-30,402.3037414550781
2023-05-31,400.0728759765625
2023-06-01,403.8739318847656
2023-06-02,409.7144775390625
2023-06-05,408.9293518066406
2023-06-06,409.81976318359375
2023-06-07,408.4027404785156
2023-06-08,410.8729553222656
2023-06-09,411.61016845703125
2023-06-12,415.34423828125
2023-06-13,418.08258056640625
2023-06-14,418.5804748535156
2023-06-15,423.7698669433594
2023-06-16,422.326416015625
2023-06-20,420.1353454589844
2023-06-21,417.9826354980469
2023-06-22,419.491455078125
2023-06-23,416.3200988769531
2023-06-26,414.619140625
2023-06-27,419.1646728515625
2023-06-28,419.3760986328125
2023-06-29,421.0290832519531
2023-06-30,425.99755859375
2023-07-03,426.48760986328125
2023-07-05,425.85333251953125
2023-07-06,422.51861572265625
2023-07-07,421.451904296875
2023-07-10,422.51861572265625
2023-07-11,425.2094421386719
2023-07-12,428.6306457519531
2023-07-13,432.03265380859375
2023-07-14,431.7635803222656
2023-07-17,433.26275634765625
2023-07-18,436.48211669921875
2023-07-19,437.4527282714844
2023-07-20,434.5504455566406
2023-07-21,434.5504455566406
2023-07-24,436.4917297363281
2023-07-25,437.68341064453125
2023-07-26,437.75067138671875
2023-07-27,434.848388671875
2023-07-28,439.1057434082031
2023-07-31,439.9417419433594
2023-08-01,438.6828308105469
2023-08-02,432.5804748535156
2023-08-03,431.3407287597656
2023-08-04,429.3898620605469
2023-08-07,433.1378173828125
2023-08-08,431.25421142578125
2023-08-09,428.3712158203125
2023-08-10,428.5249328613281
2023-08-11,428.27508544921875
2023-08-14,430.6391296386719
2023-08-15,425.6226806640625
2023-08-16,422.4993896484375
2023-08-17,419.280029296875
2023-08-18,419.4817810058594
2023-08-21,422.21112060546875
2023-08-22,421.06744384765625
2023-08-23,425.7572326660156
2023-08-24,419.8566589355469
2023-08-25,422.8165588378906
2023-08-28,425.497802734375
2023-08-29,431.6482849121094
2023-08-30,433.4261169433594
2023-08-31,432.79180908203125
2023-09-01,433.59912109375
2023-09-05,431.72509765625
2023-09-06,428.8228759765625
2023-09-07,427.5062561035156
2023-09-08,428.1501159667969
2023-09-11,430.9659729003906
2023-09-12,428.601806640625
2023-09-13,429.1015930175781
2023-09-14,432.80145263671875
2023-09-15,427.5869140625
2023-09-18,427.837646484375
2023-09-19,426.9504089355469
2023-09-20,423.02532958984375
2023-09-21,416.0334167480469
2023-09-22,415.09796142578125
2023-09-25,416.8434753417969
2023-09-26,410.71954345703125
2023-09-27,410.88348388671875
2023-09-28,413.2655334472656
2023-09-29,412.2625427246094
2023-10-02,412.0986328125
2023-10-03,406.58221435546875
2023-10-04,409.5429992675781
2023-10-05,409.38861083984375
2023-10-06,414.2492370605469
2023-10-09,416.9013977050781
2023-10-10,419.0712585449219
2023-10-11,420.7879333496094
2023-10-12,418.2225341796875
2023-10-13,416.1394958496094
2023-10-16,420.51788330078125
2023-10-17,420.4985656738281
2023-10-18,414.8953857421875
2023-10-19,411.25
2023-10-20,406.1965026855469
2023-10-23,405.492431640625
2023-10-24,408.5496520996094
2023-10-25,402.6860656738281
2023-10-26,397.8641052246094
2023-10-27,396.0606384277344
2023-10-30,400.79583740234375
2023-10-31,403.31292724609375
2023-11-01,407.61419677734375
2023-11-02,415.42584228515625
2023-11-03,419.21588134765625
2023-11-06,420.1802978515625
2023-11-07,421.3761901855469
2023-11-08,421.68475341796875
2023-11-09,418.39617919921875
2023-11-10,424.92523193359375
2023-11-13,424.5201416015625
2023-11-14,432.75616455078125
2023-11-15,433.67230224609375
2023-11-16,434.20269775390625
2023-11-17,434.7428283691406
2023-11-20,438.0892333984375
2023-11-21,437.1344909667969
2023-11-22,438.82220458984375
2023-11-24,439.09222412109375
2023-11-27,438.30145263671875
2023-11-28,438.7353820800781
2023-11-29,438.4267883300781
2023-11-30,440.1530456542969
2023-12-01,442.7569885253906
2023-12-04,440.43280029296875
2023-12-05,440.34600830078125
2023-12-06,438.57147216796875
2023-12-07,441.9179382324219
2023-12-08,443.8177795410156
2023-12-11,445.5440979003906
2023-12-12,447.5790100097656
2023-12-13,453.75115966796875
2023-12-14,455.2074279785156
2023-12-15,454.4580078125
2023-12-18,457.0142822265625
2023-12-19,459.7933654785156
2023-12-20,453.4217834472656
2023-12-21,457.72119140625
2023-12-22,458.64105224609375
2023-12-26,460.5776062011719
2023-12-27,461.41046142578125
2023-12-28,461.584716796875
2023-12-29,460.2484436035156
2024-01-02,457.6727294921875
2024-01-03,453.93499755859375
2024-01-04,452.4729309082031
2024-01-05,453.0925598144531
2024-01-08,459.5609130859375
2024-01-09,458.8637390136719
2024-01-10,461.4588928222656
2024-01-11,461.2554626464844
2024-01-12,461.5750427246094
2024-01-16,459.88043212890625
2024-01-17,457.32415771484375
2024-01-18,461.3909912109375
2024-01-19,467.14276123046875
2024-01-22,468.1305236816406
2024-01-23,469.4957580566406
2024-01-24,470.0090637207031
2024-01-25,472.5653991699219
2024-01-26,471.9649658203125
2024-01-29,475.70263671875
2024-01-30,475.33477783203125
2024-01-31,467.5785827636719
2024-02-01,473.6982727050781
2024-02-02,478.6850891113281
2024-02-05,476.942138671875
2024-02-06,478.326904296875
2024-02-07,482.3162841796875
2024-02-08,482.5292663574219
2024-02-09,485.31805419921875
2024-02-12,485.1050109863281
2024-02-13,478.42364501953125
2024-02-14,482.7713928222656
2024-02-15,486.1024169921875
2024-02-16,483.6816101074219
2024-02-20,481.01873779296875
2024-02-21,481.4544677734375
2024-02-22,491.41839599609375
2024-02-23,491.7572937011719
2024-02-26,489.9562072753906
2024-02-27,490.8664855957031
2024-02-28,490.2177429199219
2024-02-29,491.97998046875
2024-03-01,496.5988464355469
2024-03-04,496.0662536621094
2024-03-05,491.1085205078125
2024-03-06,493.5970764160156
2024-03-07,498.4967346191406
2024-03-08,495.504638671875
2024-03-11,495.07861328125
2024-03-12,500.40435791015625
2024-03-13,499.6199951171875
2024-03-14,498.6323547363281
2024-03-15,495.20843505859375
2024-03-18,498.1515197753906
2024-03-19,500.91986083984375
2024-03-20,505.5529479980469
2024-03-21,507.2236633300781
2024-03-22,506.2620544433594
2024-03-25,504.86328125
2024-03-26,503.9308776855469
2024-03-27,508.16583251953125
2024-03-28,508.0687255859375
2024-04-01,507.1847229003906
2024-04-02,503.9600524902344
2024-04-03,504.51361083984375
2024-04-04,498.3554992675781
2024-04-05,503.561767578125
2024-04-08,503.84344482421875
2024-04-09,504.4262390136719
2024-04-10,499.3754577636719
2024-04-11,503.1441650390625
2024-04-12,496.19915771484375
2024-04-15,489.98272705078125
2024-04-16,489.089111328125
2024-04-17,486.194580078125
2024-04-18,485.19415283203125
2024-04-19,480.9591369628906
2024-04-22,485.3883972167969
2024-04-23,491.1482849121094
2024-04-24,490.9151916503906
2024-04-25,489.0502014160156
2024-04-26,493.6835021972656
2024-04-29,495.4317932128906
2024-04-30,487.58355712890625
2024-05-01,486.0003356933594
2024-05-02,490.5461120605469
2024-05-03,496.6265563964844
2024-05-06,501.7551574707031
2024-05-07,502.3088073730469
2024-05-08,502.35736083984375
2024-05-09,505.2518005371094
2024-05-10,505.9026794433594
2024-05-13,505.97064208984375
2024-05-14,508.2921142578125
2024-05-15,514.5863647460938
2024-05-16,513.527587890625
2024-05-17,514.2657470703125
2024-05-20,514.8582153320312
2024-05-21,516.1209716796875
2024-05-22,514.6348266601562
2024-05-23,510.87579345703125
2024-05-24,514.2559814453125
2024-05-28,514.6154174804688
2024-05-29,511.0118713378906
2024-05-30,507.62188720703125
2024-05-31,512.2454223632812
2024-06-03,512.6629638671875
2024-06-04,513.2361450195312
2024-06-05,519.3360595703125
2024-06-06,519.3262329101562
2024-06-07,518.6949462890625
2024-06-10,520.2975463867188
2024-06-11,521.5506591796875
2024-06-12,525.8341674804688
2024-06-13,526.8929443359375
2024-06-14,527.2134399414062
2024-06-17,531.4094848632812
2024-06-18,532.7597045898438
2024-06-20,531.3124389648438
2024-06-21,530.6000366210938
2024-06-24,528.8753051757812
2024-06-25,530.9119262695312
2024-06-26,531.5745239257812
2024-06-27,532.41259765625
2024-06-28,530.3174438476562
2024-07-01,531.408935546875
2024-07-02,534.9852294921875
2024-07-03,537.3726196289062
2024-07-05,540.4713134765625
2024-07-08,541.0950317382812
2024-07-09,541.62109375
2024-07-10,546.980712890625
2024-07-11,542.264404296875
2024-07-12,545.6846313476562
2024-07-15,547.1854248046875
2024-07-16,550.4302978515625
2024-07-17,542.712646484375
2024-07-18,538.5418701171875
2024-07-19,534.9656982421875
2024-07-22,540.4811401367188
2024-07-23,539.6332397460938
2024-07-24,527.4038696289062
2024-07-25,524.6559448242188
2024-07-26,530.5319213867188
2024-07-29,530.8436889648438
2024-07-30,528.154296875
2024-07-31,536.7392578125
2024-08-01,529.138427734375
2024-08-02,519.2866821289062
2024-08-05,504.16314697265625
2024-08-06,508.81134033203125
2024-08-07,505.410400390625
2024-08-08,517.09423828125
2024-08-09,519.3743286132812
2024-08-12,519.6473388671875
2024-08-13,528.1931762695312
2024-08-14,529.8594360351562
2024-08-15,538.94140625
2024-08-16,540.1497192382812
2024-08-19,545.3143920898438
2024-08-20,544.4275512695312
2024-08-21,546.2984619140625
2024-08-22,542.0108642578125
2024-08-23,547.7698974609375
2024-08-26,546.4642333984375
2024-08-27,547.2145385742188
2024-08-28,544.037841796875
2024-08-29,544.0864868164062
2024-08-30,549.2802734375
2024-09-03,537.976806640625
2024-09-04,536.8756103515625
2024-09-05,535.5697021484375
2024-09-06,526.5560913085938
2024-09-09,532.4514770507812
2024-09-10,534.770751953125
2024-09-11,540.2568969726562
2024-09-12,544.8076782226562
2024-09-13,547.6530151367188
2024-09-16,548.4618530273438
2024-09-17,548.6858520507812
2024-09-18,547.0586547851562
2024-09-19,556.3939208984375
2024-09-20,555.43212890625
2024-09-23,556.8200073242188
2024-09-24,558.4132690429688
2024-09-25,557.1817016601562
2024-09-26,559.3907470703125
2024-09-27,558.579345703125
2024-09-30,560.8178100585938
2024-10-01,555.793701171875
2024-10-02,556.0283203125
2024-10-03,555.0118408203125
2024-10-04,560.0552978515625
2024-10-07,554.9922485351562
2024-10-08,560.2411499023438
2024-10-09,564.1216430664062
2024-10-10,563.1343994140625
2024-10-11,566.5064697265625
2024-10-14,571.1396484375
2024-10-15,566.7020263671875
2024-10-16,569.1652221679688
2024-10-17,569.2139892578125
2024-10-18,571.4035034179688
2024-10-21,570.4651489257812
2024-10-22,570.1622314453125
2024-10-23,564.952392578125
2024-10-24,566.1741943359375
2024-10-25,565.9785766601562
2024-10-28,567.7284545898438
2024-10-29,568.6471557617188
2024-10-30,566.9268798828125
2024-10-31,555.8133544921875
2024-11-01,558.1591186523438
2024-11-04,556.9569702148438
2024-11-05,563.6915283203125
2024-11-06,577.7080688476562
2024-11-07,582.175048828125
2024-11-08,584.6967163085938
2024-11-11,585.2538452148438
2024-11-12,583.4358520507812
2024-11-13,583.7192993164062
2024-11-14,579.9658813476562
2024-11-15,572.537353515625
2024-11-18,574.8831787109375
2024-11-19,576.9846801757812
2024-11-20,577.1801147460938
2024-11-21,580.2787475585938
2024-11-22,582.0772705078125
2024-11-25,584.0516967773438
2024-11-26,587.101318359375
2024-11-27,585.3223266601562
2024-11-29,588.9583740234375
2024-12-02,590.0140991210938
2024-12-03,590.2876586914062
2024-12-04,593.953125
2024-12-05,592.9756469726562
2024-12-06,594.0997314453125
2024-12-09,591.0403442382812
2024-12-10,589.2026977539062
2024-12-11,593.757568359375
2024-12-12,590.6982421875
2024-12-13,590.5809936523438
2024-12-16,593.1027221679688
2024-12-17,590.6591796875
2024-12-18,573.0554809570312
2024-12-19,572.87939453125
2024-12-20,579.76025390625
2024-12-23,583.232177734375
2024-12-24,589.7147216796875
2024-12-26,589.7539672851562
2024-12-27,583.5458984375
2024-12-30,576.8867797851562
2024-12-31,574.7879638671875
2025-01-02,573.375732421875
2025-01-03,580.544921875
2025-01-06,583.8892211914062
2025-01-07,577.2888793945312
2025-01-08,578.1322631835938
2025-01-10,569.3056640625
2025-01-13,570.1882934570312
2025-01-14,570.972900390625
2025-01-15,581.3589477539062
2025-01-16,580.2408447265625
2025-01-17,586.0664672851562
2025-01-21,591.4310302734375
2025-01-22,594.755615234375
2025-01-23,598.001953125
2025-01-24,596.2561645507812
2025-01-27,587.8218383789062
2025-01-28,592.8726806640625
2025-01-29,590.21484375
2025-01-30,593.382568359375
2025-01-31,590.2247314453125
2025-02-03,586.252685546875
2025-02-04,590.1854858398438
2025-02-05,592.5784301757812
2025-02-06,594.637939453125
2025-02-07,589.1949462890625
2025-02-10,593.1962280273438
2025-02-11,593.6473999023438
2025-02-12,591.7350463867188
2025-02-13,597.9823608398438
2025-02-14,597.952880859375
2025-02-18,599.7083740234375
2025-02-19,601.1206665039062
2025-02-20,598.619873046875
2025-02-21,588.3809204101562
2025-02-24,585.7035522460938
2025-02-25,582.7908325195312
2025-02-26,583.0848999023438
2025-02-27,573.7777709960938
2025-02-28,582.7318725585938
2025-03-03,572.5224609375
2025-03-04,565.7456665039062
2025-03-05,571.826171875
2025-03-06,561.6755981445312
2025-03-07,564.8237915039062
2025-03-10,549.7792358398438
2025-03-11,545.2091064453125
2025-03-12,548.1021728515625
2025-03-13,540.7957153320312
2025-03-14,551.9662475585938
2025-03-17,556.22265625
2025-03-18,550.2108764648438
2025-03-19,556.2030639648438
2025-03-20,554.5946655273438
2025-03-21,554.777587890625
2025-03-24,564.712890625
2025-03-25,566.0703735351562
2025-03-26,559.3125
2025-03-27,557.8270874023438
2025-03-28,546.5933227539062
2025-03-31,550.2625732421875
2025-04-01,551.8167114257812
2025-04-02,555.3088989257812
2025-04-03,527.9428100585938
2025-04-04,497.0354309082031
2025-04-07,496.150146484375
2025-04-08,488.3790588378906
2025-04-09,539.6682739257812
2025-04-10,516.0206298828125
2025-04-11,525.227783203125
2025-04-14,530.3233032226562
2025-04-15,528.837890625
2025-04-16,517.0828247070312
2025-04-17,517.8206176757812
2025-04-21,505.4950866699219
2025-04-22,518.6469116210938
2025-04-23,526.68359375
2025-04-24,537.769775390625
2025-04-25,541.6553955078125
2025-04-28,541.86181640625
2025-04-29,545.2753295898438
2025-04-30,545.4916381835938
2025-05-01,549.3575439453125
2025-05-02,557.5122680664062
2025-05-05,554.3153076171875
2025-05-06,549.6821899414062
2025-05-07,551.993896484375
2025-05-08,555.8400268554688
2025-05-09,555.1317749023438
2025-05-12,573.4774780273438
2025-05-13,577.2646484375
2025-05-14,578.00244140625
2025-05-15,580.8256225585938
2025-05-16,584.504638671875
2025-05-19,585.1439819335938
2025-05-20,583.1765747070312
2025-05-21,573.3495483398438
2025-05-22,573.575927734375
2025-05-23,569.6607055664062
2025-05-27,581.5043334960938
2025-05-28,578.1400756835938
2025-05-29,580.4222412109375
2025-05-30,579.7731323242188
2025-06-02,583.038818359375
2025-06-03,586.36376953125
2025-06-04,586.2063598632812
2025-06-05,583.373291015625
2025-06-06,589.364013671875
2025-06-09,589.8951416015625
2025-06-10,593.2396240234375
2025-06-11,591.5476684570312
2025-06-12,593.898681640625
2025-06-13,587.2588500976562
2025-06-16,592.8462524414062
2025-06-17,587.7802124023438
2025-06-18,587.6917114257812
2025-06-20,586.3114624023438
2025-06-23,592.1027221679688
2025-06-24,598.6439208984375
2025-06-25,598.979248046875
2025-06-26,603.66552734375
2025-06-27,606.6648559570312
2025-06-30,609.5653076171875
2025-07-01,609.3681030273438
2025-07-02,612.130615234375
2025-07-03,616.9550170898438
2025-07-07,612.357421875
2025-07-08,612.0220336914062
2025-07-09,615.6920776367188
2025-07-10,617.4285278320312
2025-07-11,615.258056640625
2025-07-14,616.4320678710938
2025-07-15,613.7979125976562
2025-07-16,615.8499755859375
2025-07-17,619.6187744140625
2025-07-18,619.1649169921875
2025-07-21,620.3389892578125
2025-07-22,620.427734375
2025-07-23,625.7061157226562
2025-07-24,625.9132080078125
2025-07-25,628.5573120117188
2025-07-28,628.3994140625
2025-07-29,626.741943359375
2025-07-30,625.9526977539062
2025-07-31,623.6046142578125
2025-08-01,613.3834228515625
2025-08-04,622.706787109375
2025-08-05,619.5496826171875
2025-08-06,624.295166015625
2025-08-07,623.7723388671875
2025-08-08,628.6361694335938
2025-08-11,627.39306640625
2025-08-12,634.0723266601562
2025-08-13,636.2428588867188
2025-08-14,636.302001953125
2025-08-15,634.812255859375
2025-08-18,634.6741333007812
2025-08-19,631.2308959960938
2025-08-20,629.5537719726562
2025-08-21,627.0280151367188
2025-08-22,636.6571655273438
2025-08-25,633.855224609375
2025-08-26,636.5092163085938
2025-08-27,637.9595336914062
2025-08-28,640.2188110351562
2025-08-29,636.400634765625
2025-09-02,631.684814453125
2025-09-03,635.1082153320312
2025-09-04,640.4160766601562
2025-09-05,638.5612182617188
2025-09-08,640.1300048828125
2025-09-09,641.6099243164062
2025-09-10,643.4646606445312
2025-09-11,648.81201171875
2025-09-12,648.5949096679688
2025-09-15,652.0479736328125
2025-09-16,651.1502685546875
2025-09-17,650.3411865234375
2025-09-18,653.3798828125
2025-09-19,656.6160278320312
2025-09-22,659.7225341796875
2025-09-23,656.1312866210938
2025-09-24,654.043701171875
2025-09-25,651.0263061523438
2025-09-26,654.756103515625
2025-09-29,656.5962524414062
2025-09-30,659.0695190429688
2025-10-01,661.3153076171875
2025-10-02,662.0770263671875
2025-10-03,662.0671997070312
2025-10-06,664.4415283203125
2025-10-07,661.9781494140625
2025-10-08,665.925537109375
2025-10-09,663.996337890625
2025-10-10,646.0499877929688
2025-10-13,655.9630126953125
2025-10-14,655.1616821289062
2025-10-15,658.0703125
2025-10-16,653.588623046875
2025-10-17,657.2986450195312
2025-10-20,664.1348876953125
2025-10-21,664.1249389648438
2025-10-22,660.6722412109375
2025-10-23,664.5899658203125
2025-10-24,670.0213623046875
2025-10-27,677.9260864257812
2025-10-28,679.7266235351562
2025-10-29,680.0531616210938
2025-10-30,672.5738525390625
2025-10-31,674.7799682617188
2025-11-03,676.04638671875
2025-11-04,668.0328369140625
2025-11-05,670.3478393554688
2025-11-06,663.1554565429688
2025-11-07,663.808349609375
2025-11-10,674.1666259765625
2025-11-11,675.7099609375
2025-11-12,676.0859985351562
2025-11-13,664.8670043945312
2025-11-14,664.7581176757812
2025-11-17,658.56494140625
2025-11-18,653.0346069335938
2025-11-19,655.5574340820312
2025-11-20,645.5652465820312
2025-11-21,651.9959106445312
2025-11-24,661.5922241210938
2025-11-25,667.815185546875
2025-11-26,672.4254760742188
2025-11-28,676.0958251953125
2025-12-01,673.0090942382812
2025-12-02,674.2557373046875
2025-12-03,676.5905151367188
2025-12-04,677.0851440429688
2025-12-05,678.3712768554688
2025-12-08,676.3333129882812
2025-12-09,675.74951171875
2025-12-10,680.2312622070312
2025-12-11,681.8141479492188
2025-12-12,674.4832763671875
2025-12-15,673.4641723632812
2025-12-16,671.6240844726562
2025-12-17,664.2338256835938
2025-12-18,669.2496337890625
2025-12-19,675.3153686523438
2025-12-22,679.5225219726562
2025-12-23,682.628173828125
2025-12-24,685.0294799804688
2025-12-26,684.9600219726562
2025-12-29,682.51904296875
2025-12-30,681.6856079101562
